0,date,time,open,high,low,close,volume,state
1,2020.01.02,00:00,1.12117,1.12245,1.12087,1.12208,5022,1
2,2020.01.02,04:00,1.12207,1.12246,1.12009,1.12045,5599,-1
3,2020.01.02,08:00,1.12044,1.12141,1.12012,1.12031,11411,-1
4,2020.01.02,12:00,1.12031,1.12038,1.11831,1.11964,13142,-1
5,2020.01.02,16:00,1.11964,1.1203,1.11636,1.11702,21740,-1
6,2020.01.02,20:00,1.11701,1.11735,1.11637,1.11717,8418,1
7,2020.01.03,00:00,1.11713,1.11785,1.11689,1.11736,4407,1
8,2020.01.03,04:00,1.11736,1.11776,1.11644,1.11665,9269,-1
9,2020.01.03,08:00,1.11664,1.11717,1.114,1.11402,17344,-1
10,2020.01.03,12:00,1.11403,1.11488,1.11251,1.1138,17188,-1
11,2020.01.03,16:00,1.11381,1.11799,1.11353,1.11722,19432,1
12,2020.01.03,20:00,1.11721,1.11733,1.1152,1.11585,9986,-1
13,2020.01.06,00:00,1.11584,1.11684,1.11584,1.11629,9569,1
14,2020.01.06,04:00,1.11628,1.11711,1.11606,1.11624,5524,-1
15,2020.01.06,08:00,1.11624,1.11938,1.11572,1.11936,15160,1
16,2020.01.06,12:00,1.11934,1.12057,1.119,1.11977,14258,1
17,2020.01.06,16:00,1.11977,1.12003,1.11811,1.11952,15552,-1
18,2020.01.06,20:00,1.11952,1.11991,1.1188,1.11968,6809,1
19,2020.01.07,00:00,1.11968,1.11974,1.11893,1.11935,5501,-1
20,2020.01.07,04:00,1.11933,1.11945,1.11828,1.1183,4041,-1
21,2020.01.07,08:00,1.11831,1.11898,1.11726,1.11846,17645,1
22,2020.01.07,12:00,1.11846,1.11862,1.11547,1.11561,17536,-1
23,2020.01.07,16:00,1.11561,1.11623,1.11337,1.11425,19164,-1
24,2020.01.07,20:00,1.11425,1.11535,1.11413,1.11529,7570,1
25,2020.01.08,00:00,1.11528,1.11683,1.11441,1.11557,20687,1
26,2020.01.08,04:00,1.11558,1.11614,1.11451,1.11493,12983,-1
27,2020.01.08,08:00,1.11491,1.11549,1.11253,1.11384,20944,-1
28,2020.01.08,12:00,1.11385,1.11386,1.1111,1.112,19948,-1
29,2020.01.08,16:00,1.112,1.11309,1.11087,1.11181,21702,-1
30,2020.01.08,20:00,1.11178,1.11178,1.11018,1.11053,9349,-1
31,2020.01.09,00:00,1.11053,1.11194,1.11033,1.11174,7440,1
32,2020.01.09,04:00,1.11174,1.11191,1.11127,1.11183,4993,1
33,2020.01.09,08:00,1.11183,1.11204,1.10985,1.10995,16502,-1
34,2020.01.09,12:00,1.10997,1.11174,1.10967,1.11149,14528,1
35,2020.01.09,16:00,1.11149,1.11149,1.10928,1.11047,15172,-1
36,2020.01.09,20:00,1.11048,1.11099,1.11035,1.11057,7247,1
37,2020.01.10,00:00,1.11054,1.11095,1.1102,1.11043,4669,-1
38,2020.01.10,04:00,1.11044,1.11111,1.11036,1.1109,4248,1
39,2020.01.10,08:00,1.1109,1.11111,1.10912,1.10965,11085,-1
40,2020.01.10,12:00,1.10965,1.11137,1.1085,1.10969,15955,1
41,2020.01.10,16:00,1.10967,1.11292,1.10864,1.11223,19324,1
42,2020.01.10,20:00,1.11225,1.11233,1.11157,1.11157,5548,-1
43,2020.01.13,00:00,1.11106,1.11214,1.11106,1.11213,3881,1
44,2020.01.13,04:00,1.11212,1.11318,1.11199,1.11297,3663,1
45,2020.01.13,08:00,1.11297,1.1136,1.11146,1.11151,12338,-1
46,2020.01.13,12:00,1.1115,1.11283,1.11126,1.11187,11420,1
47,2020.01.13,16:00,1.11187,1.11469,1.11175,1.11398,14534,1
48,2020.01.13,20:00,1.114,1.11448,1.11332,1.11337,5550,-1
49,2020.01.14,00:00,1.11337,1.11422,1.11313,1.11371,6915,1
50,2020.01.14,04:00,1.11371,1.11388,1.11353,1.11369,4473,-1
51,2020.01.14,08:00,1.1137,1.11444,1.11303,1.11313,12323,-1
52,2020.01.14,12:00,1.11313,1.11354,1.11051,1.11102,15508,-1
53,2020.01.14,16:00,1.11102,1.11327,1.11045,1.11309,16548,1
54,2020.01.14,20:00,1.1131,1.11348,1.11246,1.11272,8341,-1
55,2020.01.15,00:00,1.11274,1.11311,1.11257,1.11296,4432,1
56,2020.01.15,04:00,1.11295,1.11345,1.11269,1.1134,4043,1
57,2020.01.15,08:00,1.11339,1.11369,1.11184,1.11282,10100,-1
58,2020.01.15,12:00,1.11282,1.11549,1.11249,1.11488,15371,1
59,2020.01.15,16:00,1.11488,1.11634,1.11431,1.11574,16894,1
60,2020.01.15,20:00,1.11575,1.11596,1.11481,1.11492,6704,-1
61,2020.01.16,00:00,1.11491,1.1158,1.11489,1.11535,5456,1
62,2020.01.16,04:00,1.11535,1.11548,1.11496,1.11497,2917,-1
63,2020.01.16,08:00,1.11497,1.11636,1.11445,1.11533,12187,1
64,2020.01.16,12:00,1.11534,1.11727,1.115,1.11514,14085,-1
65,2020.01.16,16:00,1.11514,1.11601,1.11279,1.11346,18153,-1
66,2020.01.16,20:00,1.11347,1.11381,1.11318,1.11358,5489,1
67,2020.01.17,00:00,1.11358,1.11393,1.11339,1.11369,4760,1
68,2020.01.17,04:00,1.11368,1.11425,1.11309,1.11364,4754,-1
69,2020.01.17,08:00,1.11364,1.11411,1.11248,1.11276,11352,-1
70,2020.01.17,12:00,1.11276,1.11282,1.1098,1.11005,14908,-1
71,2020.01.17,16:00,1.11005,1.1106,1.10862,1.1091,14565,-1
72,2020.01.17,20:00,1.10912,1.10946,1.10888,1.1089,4768,-1
73,2020.01.20,00:00,1.10899,1.10987,1.10889,1.10963,5609,1
74,2020.01.20,04:00,1.10962,1.1099,1.10941,1.10979,3135,1
75,2020.01.20,08:00,1.10979,1.11024,1.10823,1.10897,9709,-1
76,2020.01.20,12:00,1.10896,1.10907,1.10805,1.10836,6270,-1
77,2020.01.20,16:00,1.10835,1.10868,1.10768,1.10834,5380,-1
78,2020.01.20,20:00,1.10835,1.1098,1.10824,1.10934,10223,1
79,2020.01.21,00:00,1.10938,1.10976,1.10888,1.10906,4364,-1
80,2020.01.21,04:00,1.10906,1.10994,1.10906,1.10954,4324,1
81,2020.01.21,08:00,1.10955,1.10974,1.10856,1.10907,10625,-1
82,2020.01.21,12:00,1.10907,1.11181,1.10902,1.11137,12506,1
83,2020.01.21,16:00,1.11136,1.11138,1.10889,1.10919,11459,-1
84,2020.01.21,20:00,1.10918,1.10953,1.10811,1.10818,6460,-1
85,2020.01.22,00:00,1.10818,1.10869,1.10777,1.10818,4043,0
86,2020.01.22,04:00,1.10818,1.10857,1.10773,1.10845,3993,1
87,2020.01.22,08:00,1.10844,1.10927,1.1075,1.10908,9676,1
88,2020.01.22,12:00,1.10908,1.10948,1.10772,1.10898,11333,-1
89,2020.01.22,16:00,1.10902,1.10985,1.10702,1.10857,15359,-1
90,2020.01.22,20:00,1.10858,1.10952,1.1084,1.10921,5455,1
91,2020.01.23,00:00,1.10924,1.10995,1.10798,1.10893,5865,-1
92,2020.01.23,04:00,1.10894,1.10914,1.1081,1.10831,3761,-1
93,2020.01.23,08:00,1.10832,1.10923,1.10791,1.10843,9410,1
94,2020.01.23,12:00,1.10844,1.11087,1.10802,1.10866,14491,1
95,2020.01.23,16:00,1.10867,1.10902,1.10364,1.1051,22522,-1
96,2020.01.23,20:00,1.1051,1.10589,1.10482,1.10562,6877,1
97,2020.01.24,00:00,1.10529,1.10573,1.10507,1.10539,3524,1
98,2020.01.24,04:00,1.10536,1.10539,1.10466,1.10488,2743,-1
99,2020.01.24,08:00,1.10487,1.10617,1.10336,1.10359,13785,-1
100,2020.01.24,12:00,1.10359,1.10398,1.10263,1.1039,10503,1
101,2020.01.24,16:00,1.10391,1.10399,1.10199,1.10272,16143,-1
102,2020.01.24,20:00,1.10272,1.1033,1.10225,1.1023,7037,-1
103,2020.01.27,00:00,1.103,1.10348,1.10239,1.10337,10143,1
104,2020.01.27,04:00,1.10336,1.10356,1.10267,1.10306,3185,-1
105,2020.01.27,08:00,1.10307,1.10375,1.1015,1.10208,13193,-1
106,2020.01.27,12:00,1.10209,1.10315,1.10183,1.10272,10950,1
107,2020.01.27,16:00,1.10275,1.1032,1.10096,1.10151,14577,-1
108,2020.01.27,20:00,1.10151,1.10202,1.10129,1.10183,5351,1
109,2020.01.28,00:00,1.10184,1.10251,1.10162,1.10199,4494,1
110,2020.01.28,04:00,1.10199,1.1023,1.10178,1.10218,2764,1
111,2020.01.28,08:00,1.10219,1.10235,1.10126,1.10167,11507,-1
112,2020.01.28,12:00,1.10167,1.10225,1.1002,1.10053,11520,-1
113,2020.01.28,16:00,1.10054,1.10107,1.09978,1.10088,12899,1
114,2020.01.28,20:00,1.10091,1.10228,1.1009,1.10217,5069,1
115,2020.01.29,00:00,1.1022,1.10276,1.10159,1.10165,5039,-1
116,2020.01.29,04:00,1.10164,1.10169,1.10112,1.10149,2902,-1
117,2020.01.29,08:00,1.10148,1.10165,1.09945,1.10021,9281,-1
118,2020.01.29,12:00,1.10021,1.10042,1.09923,1.09924,7850,-1
119,2020.01.29,16:00,1.09925,1.10097,1.09924,1.10049,12833,1
120,2020.01.29,20:00,1.10048,1.10207,1.09984,1.10092,9891,1
121,2020.01.30,00:00,1.10097,1.1018,1.10045,1.10111,5063,1
122,2020.01.30,04:00,1.10111,1.10172,1.1011,1.10136,3865,1
123,2020.01.30,08:00,1.10135,1.10212,1.10067,1.1019,10114,1
124,2020.01.30,12:00,1.1019,1.10318,1.10114,1.10255,13523,1
125,2020.01.30,16:00,1.10254,1.10381,1.10151,1.10376,17377,1
126,2020.01.30,20:00,1.10376,1.10393,1.10288,1.10312,10556,-1
127,2020.01.31,00:00,1.10298,1.10351,1.10266,1.10291,4599,-1
128,2020.01.31,04:00,1.10291,1.10331,1.10213,1.10216,3914,-1
129,2020.01.31,08:00,1.10215,1.1034,1.10169,1.10283,9488,1
130,2020.01.31,12:00,1.10283,1.10557,1.10226,1.10552,13436,1
131,2020.01.31,16:00,1.1055,1.10903,1.10487,1.10828,21626,1
132,2020.01.31,20:00,1.10827,1.10953,1.10779,1.10945,9912,1
133,2020.02.03,00:00,1.10937,1.10941,1.10801,1.10831,8476,-1
134,2020.02.03,04:00,1.10832,1.10849,1.10802,1.10844,5092,1
135,2020.02.03,08:00,1.10843,1.10863,1.10592,1.10727,12781,-1
136,2020.02.03,12:00,1.10726,1.10742,1.10584,1.10627,10834,-1
137,2020.02.03,16:00,1.10632,1.10665,1.10358,1.10588,17911,-1
138,2020.02.03,20:00,1.10587,1.10655,1.1057,1.10591,6403,1
139,2020.02.04,00:00,1.10583,1.10642,1.10579,1.10602,4519,1
140,2020.02.04,04:00,1.10602,1.10635,1.10555,1.10585,4520,-1
141,2020.02.04,08:00,1.10586,1.10638,1.1049,1.10556,13714,-1
142,2020.02.04,12:00,1.10556,1.10581,1.10431,1.10444,10788,-1
143,2020.02.04,16:00,1.10445,1.10484,1.10329,1.10368,14661,-1
144,2020.02.04,20:00,1.10369,1.10458,1.10366,1.10439,5440,1
145,2020.02.05,00:00,1.10438,1.10457,1.10397,1.10404,4588,-1
146,2020.02.05,04:00,1.10405,1.10409,1.10337,1.10379,3451,-1
147,2020.02.05,08:00,1.1038,1.10479,1.10215,1.1026,14604,-1
148,2020.02.05,12:00,1.10259,1.10298,1.10079,1.10124,13712,-1
149,2020.02.05,16:00,1.10125,1.10144,1.09964,1.10011,16146,-1
150,2020.02.05,20:00,1.10012,1.10031,1.09937,1.09986,4380,-1
151,2020.02.06,00:00,1.09986,1.10007,1.09944,1.09981,3665,-1
152,2020.02.06,04:00,1.09982,1.09999,1.09942,1.09999,3677,1
153,2020.02.06,08:00,1.09998,1.1014,1.09942,1.0999,11202,-1
154,2020.02.06,12:00,1.0999,1.10058,1.09956,1.10016,8210,1
155,2020.02.06,16:00,1.10015,1.10016,1.09645,1.09751,16901,-1
156,2020.02.06,20:00,1.09751,1.09829,1.09708,1.09826,4886,1
157,2020.02.07,00:00,1.09819,1.09832,1.09771,1.0983,4226,1
158,2020.02.07,04:00,1.09831,1.0985,1.09793,1.09809,3614,-1
159,2020.02.07,08:00,1.09812,1.09825,1.09535,1.09544,12593,-1
160,2020.02.07,12:00,1.09545,1.09709,1.09479,1.09582,13626,1
161,2020.02.07,16:00,1.09581,1.09764,1.0942,1.09427,19062,-1
162,2020.02.07,20:00,1.09427,1.09494,1.09425,1.09443,6054,1
163,2020.02.10,00:00,1.09417,1.09532,1.09416,1.09504,5795,1
164,2020.02.10,04:00,1.09505,1.09574,1.09501,1.09555,4157,1
165,2020.02.10,08:00,1.09554,1.09573,1.09447,1.09496,9931,-1
166,2020.02.10,12:00,1.09497,1.09549,1.09299,1.09322,10257,-1
167,2020.02.10,16:00,1.09321,1.09381,1.09091,1.09102,13255,-1
168,2020.02.10,20:00,1.09101,1.09165,1.09076,1.09102,4894,1
169,2020.02.11,00:00,1.09105,1.09152,1.09079,1.09139,4568,1
170,2020.02.11,04:00,1.09139,1.0917,1.09078,1.09123,3649,-1
171,2020.02.11,08:00,1.09122,1.09157,1.09055,1.09136,9167,1
172,2020.02.11,12:00,1.09135,1.09205,1.08912,1.09034,11884,-1
173,2020.02.11,16:00,1.09035,1.09248,1.09015,1.09217,16532,1
174,2020.02.11,20:00,1.09218,1.09232,1.09146,1.09146,5774,-1
175,2020.02.12,00:00,1.09146,1.09208,1.09118,1.09183,5670,1
176,2020.02.12,04:00,1.09182,1.09198,1.09096,1.09107,3629,-1
177,2020.02.12,08:00,1.09108,1.09255,1.09022,1.09201,10890,1
178,2020.02.12,12:00,1.09202,1.09217,1.09048,1.0905,8372,-1
179,2020.02.12,16:00,1.09051,1.09104,1.08766,1.08789,16552,-1
180,2020.02.12,20:00,1.08789,1.0881,1.08654,1.08734,6887,-1
181,2020.02.13,00:00,1.08729,1.08764,1.08696,1.08728,7199,-1
182,2020.02.13,04:00,1.08727,1.08737,1.08651,1.08716,3633,-1
183,2020.02.13,08:00,1.08716,1.08887,1.08695,1.0883,8952,1
184,2020.02.13,12:00,1.08829,1.08876,1.08531,1.08548,13986,-1
185,2020.02.13,16:00,1.08547,1.08618,1.08339,1.08424,15988,-1
186,2020.02.13,20:00,1.08425,1.08454,1.0838,1.08407,6202,-1
187,2020.02.14,00:00,1.08407,1.08419,1.08272,1.08361,6094,-1
188,2020.02.14,04:00,1.08361,1.08373,1.08308,1.0837,3807,1
189,2020.02.14,08:00,1.0837,1.08501,1.08321,1.08448,8879,1
190,2020.02.14,12:00,1.08448,1.08596,1.08324,1.0855,12240,1
191,2020.02.14,16:00,1.0855,1.08611,1.08328,1.08432,12913,-1
192,2020.02.14,20:00,1.08431,1.08463,1.08292,1.08294,5610,-1
193,2020.02.17,00:00,1.08408,1.08417,1.08336,1.08367,5926,-1
194,2020.02.17,04:00,1.08367,1.08413,1.08361,1.08397,3100,1
195,2020.02.17,08:00,1.08396,1.08511,1.0834,1.08441,7306,1
196,2020.02.17,12:00,1.08442,1.08481,1.08321,1.08362,6862,-1
197,2020.02.17,16:00,1.08361,1.08414,1.08292,1.08321,6293,-1
198,2020.02.17,20:00,1.08322,1.08379,1.08301,1.08343,4631,1
199,2020.02.18,00:00,1.08351,1.08373,1.08229,1.08277,6359,-1
200,2020.02.18,04:00,1.08277,1.08339,1.08236,1.08315,3789,1
201,2020.02.18,08:00,1.08317,1.08373,1.08247,1.08275,10947,-1
202,2020.02.18,12:00,1.08275,1.08369,1.07934,1.08023,15076,-1
203,2020.02.18,16:00,1.08025,1.08259,1.07857,1.08043,15270,1
204,2020.02.18,20:00,1.08042,1.08043,1.07898,1.07908,5516,-1
205,2020.02.19,00:00,1.07906,1.08037,1.07902,1.0802,5514,1
206,2020.02.19,04:00,1.08021,1.08029,1.07943,1.07955,3120,-1
207,2020.02.19,08:00,1.07955,1.0808,1.07915,1.08032,8930,1
208,2020.02.19,12:00,1.08031,1.08061,1.07846,1.07935,11576,-1
209,2020.02.19,16:00,1.07936,1.07989,1.07822,1.07917,16304,-1
210,2020.02.19,20:00,1.07915,1.08117,1.07901,1.08046,8215,1
211,2020.02.20,00:00,1.08044,1.08153,1.07977,1.08002,7553,-1
212,2020.02.20,04:00,1.08003,1.08022,1.07917,1.07967,6863,-1
213,2020.02.20,08:00,1.07968,1.08062,1.07779,1.07997,13565,1
214,2020.02.20,12:00,1.07997,1.0805,1.07859,1.08047,14929,1
215,2020.02.20,16:00,1.08046,1.08212,1.0783,1.0793,20124,-1
216,2020.02.20,20:00,1.07931,1.07971,1.07828,1.07846,6857,-1
217,2020.02.21,00:00,1.07846,1.07937,1.07845,1.07929,5763,1
218,2020.02.21,04:00,1.07929,1.07949,1.07877,1.07931,4929,1
219,2020.02.21,08:00,1.07931,1.08201,1.07896,1.08098,16311,1
220,2020.02.21,12:00,1.081,1.08125,1.07954,1.08093,12834,-1
221,2020.02.21,16:00,1.08091,1.08636,1.08012,1.08575,21839,1
222,2020.02.21,20:00,1.0857,1.08616,1.08464,1.08481,6639,-1
223,2020.02.24,00:00,1.08138,1.08423,1.08127,1.08281,15284,1
224,2020.02.24,04:00,1.08283,1.08298,1.08148,1.0815,5483,-1
225,2020.02.24,08:00,1.08149,1.08418,1.0805,1.08156,19669,1
226,2020.02.24,12:00,1.08155,1.08281,1.0813,1.08146,15881,-1
227,2020.02.24,16:00,1.08146,1.08717,1.0814,1.08709,27476,1
228,2020.02.24,20:00,1.08709,1.08719,1.08414,1.08516,14097,-1
229,2020.02.25,00:00,1.08526,1.08598,1.08446,1.08585,9933,1
230,2020.02.25,04:00,1.08585,1.08675,1.08508,1.0851,6664,-1
231,2020.02.25,08:00,1.0851,1.08659,1.08476,1.08505,19258,-1
232,2020.02.25,12:00,1.08504,1.08505,1.08301,1.08409,16641,-1
233,2020.02.25,16:00,1.0841,1.08828,1.08319,1.08826,30693,1
234,2020.02.25,20:00,1.08826,1.08902,1.08719,1.08809,19826,-1
235,2020.02.26,00:00,1.0881,1.08828,1.08673,1.08739,8476,-1
236,2020.02.26,04:00,1.08739,1.08784,1.08623,1.0876,9935,1
237,2020.02.26,08:00,1.08761,1.08976,1.08654,1.08889,21814,1
238,2020.02.26,12:00,1.08889,1.09087,1.08563,1.08653,25596,-1
239,2020.02.26,16:00,1.08654,1.08938,1.0855,1.08787,26570,1
240,2020.02.26,20:00,1.08788,1.08998,1.08747,1.08811,16964,1
241,2020.02.27,00:00,1.08811,1.0913,1.08775,1.09017,12020,1
242,2020.02.27,04:00,1.09016,1.09146,1.0901,1.09075,9040,1
243,2020.02.27,08:00,1.09074,1.09478,1.09057,1.09353,22877,1
244,2020.02.27,12:00,1.09353,1.09776,1.09326,1.09767,26096,1
245,2020.02.27,16:00,1.09766,1.10064,1.09631,1.09796,40238,1
246,2020.02.27,20:00,1.09795,1.10033,1.0978,1.09997,19679,1
247,2020.02.28,00:00,1.10003,1.10052,1.09858,1.09878,11903,-1
248,2020.02.28,04:00,1.09879,1.10041,1.09822,1.09999,14727,1
249,2020.02.28,08:00,1.1,1.10531,1.09914,1.10439,31487,1
250,2020.02.28,12:00,1.1044,1.10448,1.09687,1.0987,34040,-1
251,2020.02.28,16:00,1.09873,1.10087,1.09508,1.10012,46275,1
252,2020.02.28,20:00,1.1001,1.10458,1.09902,1.10287,27064,1
253,2020.03.02,00:00,1.10428,1.10738,1.10363,1.10566,18875,1
254,2020.03.02,04:00,1.10568,1.10634,1.10419,1.10433,15005,-1
255,2020.03.02,08:00,1.10433,1.10932,1.10383,1.10792,37737,1
256,2020.03.02,12:00,1.10791,1.11643,1.10775,1.11219,39193,1
257,2020.03.02,16:00,1.1122,1.11846,1.11079,1.11797,48176,1
258,2020.03.02,20:00,1.11797,1.11836,1.11237,1.11323,18083,-1
259,2020.03.03,00:00,1.11327,1.11477,1.11203,1.11322,11169,-1
260,2020.03.03,04:00,1.11321,1.11555,1.11288,1.1145,11812,1
261,2020.03.03,08:00,1.1145,1.11512,1.11003,1.11267,25935,-1
262,2020.03.03,12:00,1.11268,1.11389,1.10954,1.11184,35407,-1
263,2020.03.03,16:00,1.11182,1.12133,1.11155,1.11593,51127,1
264,2020.03.03,20:00,1.11594,1.11952,1.11585,1.11714,27111,1
265,2020.03.04,00:00,1.11719,1.11853,1.11622,1.11664,11163,-1
266,2020.03.04,04:00,1.11665,1.11711,1.11554,1.11568,7732,-1
267,2020.03.04,08:00,1.11569,1.11875,1.11434,1.11567,25129,-1
268,2020.03.04,12:00,1.11568,1.1167,1.11097,1.11254,25909,-1
269,2020.03.04,16:00,1.11253,1.11455,1.10955,1.11235,33372,-1
270,2020.03.04,20:00,1.11236,1.11422,1.11235,1.11323,11095,1
271,2020.03.05,00:00,1.11332,1.11426,1.11305,1.11369,7421,1
272,2020.03.05,04:00,1.11369,1.11436,1.1134,1.11346,3708,-1
273,2020.03.05,08:00,1.11346,1.11741,1.11196,1.11734,18368,1
274,2020.03.05,12:00,1.11734,1.12001,1.11565,1.11868,24774,1
275,2020.03.05,16:00,1.11867,1.12169,1.11672,1.12142,30950,1
276,2020.03.05,20:00,1.12141,1.12449,1.1192,1.12364,18740,1
277,2020.03.06,00:00,1.12363,1.12462,1.12112,1.12459,11152,1
278,2020.03.06,04:00,1.12458,1.12488,1.12261,1.12284,9750,-1
279,2020.03.06,08:00,1.12287,1.12957,1.12191,1.12939,30793,1
280,2020.03.06,12:00,1.1294,1.13406,1.1293,1.13227,46160,1
281,2020.03.06,16:00,1.13228,1.13548,1.12872,1.13054,50561,-1
282,2020.03.06,20:00,1.13053,1.13257,1.12887,1.12901,30002,-1
283,2020.03.09,00:00,1.13467,1.13961,1.13349,1.13601,24500,1
284,2020.03.09,04:00,1.13602,1.14949,1.13558,1.1401,47147,1
285,2020.03.09,08:00,1.14009,1.14755,1.13809,1.14022,48882,1
286,2020.03.09,12:00,1.14022,1.14387,1.13653,1.14363,46199,1
287,2020.03.09,16:00,1.14361,1.14844,1.13753,1.14709,61921,1
288,2020.03.09,20:00,1.14708,1.14789,1.14271,1.14386,37511,-1
289,2020.03.10,00:00,1.14385,1.14579,1.13767,1.13849,22186,-1
290,2020.03.10,04:00,1.13849,1.14144,1.13717,1.1375,24985,-1
291,2020.03.10,08:00,1.13753,1.14012,1.13321,1.13601,53087,-1
292,2020.03.10,12:00,1.13604,1.13898,1.13359,1.13797,45568,1
293,2020.03.10,16:00,1.138,1.13942,1.12964,1.13058,56046,-1
294,2020.03.10,20:00,1.13057,1.13309,1.1275,1.12778,43048,-1
295,2020.03.11,00:00,1.12762,1.13254,1.12762,1.13187,16304,1
296,2020.03.11,04:00,1.13186,1.13386,1.13094,1.13373,18762,1
297,2020.03.11,08:00,1.13374,1.13666,1.13092,1.13133,39301,-1
298,2020.03.11,12:00,1.1313,1.13514,1.13013,1.13391,35467,1
299,2020.03.11,16:00,1.13391,1.13518,1.12574,1.12687,42371,-1
300,2020.03.11,20:00,1.12686,1.12884,1.12666,1.12684,32351,-1
301,2020.03.12,00:00,1.12685,1.12761,1.12501,1.12715,12229,1
302,2020.03.12,04:00,1.12716,1.13335,1.12661,1.12959,34466,1
303,2020.03.12,08:00,1.1296,1.13195,1.12537,1.12679,33178,-1
304,2020.03.12,12:00,1.12678,1.13015,1.11976,1.12136,44026,-1
305,2020.03.12,16:00,1.12135,1.12532,1.10553,1.11455,77253,-1
306,2020.03.12,20:00,1.11454,1.12263,1.1144,1.11845,49824,1
307,2020.03.13,00:00,1.11841,1.12023,1.11522,1.11662,26515,-1
308,2020.03.13,04:00,1.11663,1.12211,1.11657,1.1219,35250,1
309,2020.03.13,08:00,1.12189,1.12204,1.11622,1.12075,50078,-1
310,2020.03.13,12:00,1.12076,1.12079,1.11092,1.11106,39451,-1
311,2020.03.13,16:00,1.11102,1.11333,1.1055,1.10817,56335,-1
312,2020.03.13,20:00,1.10817,1.11172,1.10574,1.11048,44262,1
313,2020.03.16,00:00,1.10643,1.11993,1.10635,1.11178,49754,1
314,2020.03.16,04:00,1.11178,1.11335,1.10851,1.11332,33606,1
315,2020.03.16,08:00,1.11331,1.12294,1.1108,1.12257,63707,1
316,2020.03.16,12:00,1.12259,1.12367,1.11421,1.11655,59175,-1
317,2020.03.16,16:00,1.11669,1.11683,1.10943,1.11613,61230,-1
318,2020.03.16,20:00,1.11614,1.11863,1.11456,1.11822,36976,1
319,2020.03.17,00:00,1.11823,1.11826,1.11582,1.1171,25420,-1
320,2020.03.17,04:00,1.11711,1.11891,1.11601,1.11792,44636,1
321,2020.03.17,08:00,1.11791,1.11812,1.11103,1.11106,46021,-1
322,2020.03.17,12:00,1.11107,1.11189,1.09732,1.09877,46691,-1
323,2020.03.17,16:00,1.09875,1.1015,1.09551,1.09662,53342,-1
324,2020.03.17,20:00,1.09662,1.10207,1.09583,1.09968,28727,1
325,2020.03.18,00:00,1.09965,1.10227,1.09912,1.09924,24087,-1
326,2020.03.18,04:00,1.09926,1.10331,1.09849,1.10305,28331,1
327,2020.03.18,08:00,1.10306,1.10451,1.09556,1.0973,50904,-1
328,2020.03.18,12:00,1.09727,1.10176,1.09281,1.09306,61889,-1
329,2020.03.18,16:00,1.09305,1.0947,1.08073,1.0809,57310,-1
330,2020.03.18,20:00,1.08092,1.09188,1.0802,1.09122,48603,1
331,2020.03.19,00:00,1.09123,1.09814,1.08984,1.09004,32282,-1
332,2020.03.19,04:00,1.09,1.092,1.08777,1.08963,35001,-1
333,2020.03.19,08:00,1.08962,1.09478,1.08134,1.08372,57591,-1
334,2020.03.19,12:00,1.08373,1.08689,1.07261,1.07987,57011,-1
335,2020.03.19,16:00,1.07983,1.08341,1.06604,1.06634,79077,-1
336,2020.03.19,20:00,1.06633,1.07056,1.06551,1.06891,42728,1
337,2020.03.20,00:00,1.06898,1.06984,1.06527,1.06641,26834,-1
338,2020.03.20,04:00,1.06641,1.07649,1.06631,1.07649,62856,1
339,2020.03.20,08:00,1.07651,1.08309,1.07416,1.07884,76990,1
340,2020.03.20,12:00,1.07874,1.07907,1.06966,1.07085,54199,-1
341,2020.03.20,16:00,1.07091,1.07497,1.06543,1.06606,58527,-1
342,2020.03.20,20:00,1.06606,1.07054,1.06357,1.06784,97401,1
343,2020.03.23,04:00,1.06784,1.07373,1.06689,1.07354,45202,1
344,2020.03.23,08:00,1.07355,1.07686,1.06893,1.07076,56005,-1
345,2020.03.23,12:00,1.0707,1.08022,1.06663,1.07787,56977,1
346,2020.03.23,16:00,1.07786,1.08276,1.07236,1.075,58910,-1
347,2020.03.23,20:00,1.075,1.07797,1.07198,1.07239,35194,-1
348,2020.03.24,00:00,1.07182,1.08106,1.07182,1.0796,24167,1
349,2020.03.24,04:00,1.0796,1.08225,1.07868,1.07886,35529,-1
350,2020.03.24,08:00,1.07887,1.08661,1.07756,1.0825,49374,1
351,2020.03.24,12:00,1.08254,1.0888,1.08116,1.08222,49986,-1
352,2020.03.24,16:00,1.08219,1.08535,1.07692,1.07905,65496,-1
353,2020.03.24,20:00,1.07906,1.07985,1.07458,1.07874,32691,-1
354,2020.03.25,00:00,1.07857,1.08148,1.07603,1.07878,25014,1
355,2020.03.25,04:00,1.07881,1.08239,1.0784,1.08114,30856,1
356,2020.03.25,08:00,1.08114,1.0843,1.07923,1.08336,44614,1
357,2020.03.25,12:00,1.08334,1.08494,1.07994,1.082,46484,-1
358,2020.03.25,16:00,1.08199,1.08572,1.07849,1.08493,46560,1
359,2020.03.25,20:00,1.08494,1.08938,1.08405,1.08815,32101,1
360,2020.03.26,00:00,1.08815,1.09335,1.08701,1.09212,20661,1
361,2020.03.26,04:00,1.09212,1.09216,1.08919,1.09065,22546,-1
362,2020.03.26,08:00,1.09067,1.09445,1.08967,1.09374,36464,1
363,2020.03.26,12:00,1.09373,1.09783,1.0926,1.09721,50321,1
364,2020.03.26,16:00,1.09724,1.10445,1.09487,1.10434,64129,1
365,2020.03.26,20:00,1.10433,1.10585,1.10183,1.10301,36038,-1
366,2020.03.27,00:00,1.10264,1.10589,1.10222,1.10375,17343,1
367,2020.03.27,04:00,1.10376,1.10867,1.1028,1.10583,24736,1
368,2020.03.27,08:00,1.10583,1.10739,1.1001,1.10116,36142,-1
369,2020.03.27,12:00,1.10117,1.10915,1.0956,1.10779,72909,1
370,2020.03.27,20:00,1.10778,1.11474,1.1064,1.11372,39636,1
371,2020.03.30,00:00,1.11157,1.11441,1.10899,1.11051,19456,-1
372,2020.03.30,04:00,1.11052,1.11173,1.10688,1.10812,20251,-1
373,2020.03.30,08:00,1.10813,1.11062,1.10605,1.10916,41235,1
374,2020.03.30,12:00,1.10917,1.10959,1.10126,1.10151,37450,-1
375,2020.03.30,16:00,1.10151,1.10459,1.101,1.10195,45621,1
376,2020.03.30,20:00,1.10195,1.10558,1.10114,1.10403,23426,1
377,2020.03.31,00:00,1.10403,1.10532,1.0984,1.1013,16981,-1
378,2020.03.31,04:00,1.10133,1.10331,1.10005,1.10162,22836,1
379,2020.03.31,08:00,1.10163,1.10251,1.09785,1.09792,35583,-1
380,2020.03.31,12:00,1.09793,1.09901,1.09268,1.09712,43608,-1
381,2020.03.31,16:00,1.09712,1.10274,1.09424,1.09709,57271,-1
382,2020.03.31,20:00,1.0971,1.10371,1.09649,1.10286,35693,1
383,2020.04.01,00:00,1.10286,1.10388,1.10223,1.10316,13076,1
384,2020.04.01,04:00,1.10318,1.1033,1.10059,1.10164,18503,-1
385,2020.04.01,08:00,1.10162,1.10333,1.09311,1.0957,37356,-1
386,2020.04.01,12:00,1.0957,1.09593,1.09165,1.09298,36000,-1
387,2020.04.01,16:00,1.093,1.09423,1.09167,1.09253,36779,-1
388,2020.04.01,20:00,1.09253,1.09698,1.09028,1.09614,26231,1
389,2020.04.02,00:00,1.0961,1.09681,1.09388,1.09428,12060,-1
390,2020.04.02,04:00,1.09427,1.09591,1.093,1.09442,12754,1
391,2020.04.02,08:00,1.0944,1.09645,1.09147,1.09192,27435,-1
392,2020.04.02,12:00,1.09191,1.09398,1.0875,1.08792,36308,-1
393,2020.04.02,16:00,1.08792,1.09004,1.08369,1.08416,57559,-1
394,2020.04.02,20:00,1.08414,1.08664,1.08207,1.08553,30726,1
395,2020.04.03,00:00,1.08554,1.08648,1.08331,1.08426,12007,-1
396,2020.04.03,04:00,1.08425,1.08553,1.08367,1.08437,13910,1
397,2020.04.03,08:00,1.08436,1.08514,1.07872,1.07985,30545,-1
398,2020.04.03,12:00,1.07986,1.0816,1.07754,1.07766,40745,-1
399,2020.04.03,16:00,1.07757,1.08093,1.07727,1.0787,37537,1
400,2020.04.03,20:00,1.0787,1.08283,1.07822,1.08039,22136,1
401,2020.04.06,00:00,1.07885,1.08233,1.07885,1.08142,21240,1
402,2020.04.06,04:00,1.08141,1.08231,1.08055,1.08144,16038,1
403,2020.04.06,08:00,1.08145,1.08354,1.07831,1.07933,28670,-1
404,2020.04.06,12:00,1.07935,1.0818,1.07795,1.07921,30641,-1
405,2020.04.06,16:00,1.07925,1.08178,1.07683,1.08019,30237,1
406,2020.04.06,20:00,1.08018,1.08057,1.07826,1.07917,21042,-1
407,2020.04.07,00:00,1.07918,1.08021,1.07832,1.07936,13923,1
408,2020.04.07,04:00,1.07937,1.08301,1.07909,1.08262,16320,1
409,2020.04.07,08:00,1.08261,1.08785,1.08206,1.0868,29997,1
410,2020.04.07,12:00,1.08679,1.09172,1.08574,1.09052,31942,1
411,2020.04.07,16:00,1.09052,1.09264,1.08761,1.08965,35418,-1
412,2020.04.07,20:00,1.08965,1.09098,1.0889,1.089,17172,-1
413,2020.04.08,00:00,1.089,1.09021,1.08669,1.08681,14375,-1
414,2020.04.08,04:00,1.08681,1.08792,1.08589,1.08671,14566,-1
415,2020.04.08,08:00,1.0867,1.08878,1.083,1.08535,30828,-1
416,2020.04.08,12:00,1.08536,1.08847,1.08532,1.08728,26699,1
417,2020.04.08,16:00,1.08727,1.0888,1.08509,1.08635,30891,-1
418,2020.04.08,20:00,1.08634,1.08727,1.08501,1.0856,13925,-1
419,2020.04.09,00:00,1.08552,1.08802,1.08526,1.08716,8661,1
420,2020.04.09,04:00,1.08715,1.0877,1.08534,1.0865,14506,-1
421,2020.04.09,08:00,1.0865,1.08821,1.08409,1.08692,22913,1
422,2020.04.09,12:00,1.0869,1.09101,1.08496,1.09039,28100,1
423,2020.04.09,16:00,1.0904,1.09455,1.08949,1.09359,37402,1
424,2020.04.09,20:00,1.09358,1.09518,1.09199,1.09289,24644,-1
425,2020.04.10,00:00,1.09288,1.09356,1.09169,1.09226,9424,-1
426,2020.04.10,04:00,1.09226,1.09438,1.09205,1.09377,19052,1
427,2020.04.10,08:00,1.09375,1.09521,1.09278,1.0942,13543,1
428,2020.04.10,12:00,1.09419,1.09481,1.09361,1.09426,8691,1
429,2020.04.10,16:00,1.09426,1.09523,1.09417,1.09478,12130,1
430,2020.04.10,20:00,1.09477,1.09479,1.09298,1.09325,16744,-1
431,2020.04.13,00:00,1.09485,1.09485,1.09284,1.09299,10739,-1
432,2020.04.13,04:00,1.093,1.09421,1.0925,1.09367,12117,1
433,2020.04.13,08:00,1.09366,1.09678,1.09272,1.09312,17484,-1
434,2020.04.13,12:00,1.09312,1.09388,1.09031,1.09225,17028,-1
435,2020.04.13,16:00,1.09222,1.09234,1.08927,1.09164,20340,-1
436,2020.04.13,20:00,1.09163,1.09241,1.08942,1.0905,11514,-1
437,2020.04.14,00:00,1.09052,1.09278,1.09016,1.09233,8855,1
438,2020.04.14,04:00,1.09232,1.09488,1.09167,1.09436,14447,1
439,2020.04.14,08:00,1.09437,1.09473,1.09151,1.09229,20027,-1
440,2020.04.14,12:00,1.09229,1.09762,1.092,1.09712,23233,1
441,2020.04.14,16:00,1.09711,1.09842,1.0955,1.09648,29185,-1
442,2020.04.14,20:00,1.09647,1.09872,1.0964,1.09774,15941,1
443,2020.04.15,00:00,1.09774,1.09908,1.09769,1.0986,6164,1
444,2020.04.15,04:00,1.0986,1.09873,1.09735,1.09751,7473,-1
445,2020.04.15,08:00,1.09752,1.09762,1.09204,1.09324,21133,-1
446,2020.04.15,12:00,1.09323,1.09389,1.08565,1.08605,28068,-1
447,2020.04.15,16:00,1.08605,1.09306,1.08592,1.09168,31871,1
448,2020.04.15,20:00,1.09167,1.09388,1.09075,1.09079,16924,-1
449,2020.04.16,00:00,1.09072,1.09112,1.08817,1.08863,8879,-1
450,2020.04.16,04:00,1.08863,1.08922,1.08646,1.08792,14496,-1
451,2020.04.16,08:00,1.08791,1.0905,1.08646,1.08879,25326,1
452,2020.04.16,12:00,1.08879,1.09009,1.08532,1.08893,31650,1
453,2020.04.16,16:00,1.08897,1.08948,1.08165,1.08334,36602,-1
454,2020.04.16,20:00,1.08333,1.08515,1.08302,1.08353,17920,1
455,2020.04.17,00:00,1.08355,1.08674,1.08311,1.08627,14239,1
456,2020.04.17,04:00,1.08627,1.08786,1.08618,1.08707,10606,1
457,2020.04.17,08:00,1.08706,1.08726,1.08173,1.08289,23478,-1
458,2020.04.17,12:00,1.0829,1.08736,1.0812,1.08645,28223,1
459,2020.04.17,16:00,1.08647,1.08927,1.08595,1.08672,28258,1
460,2020.04.17,20:00,1.08671,1.08849,1.08642,1.08703,14654,1
461,2020.04.20,00:00,1.08628,1.08776,1.08563,1.08604,10247,-1
462,2020.04.20,04:00,1.08605,1.08722,1.08579,1.08709,8558,1
463,2020.04.20,08:00,1.08711,1.08794,1.08411,1.08791,17452,1
464,2020.04.20,12:00,1.08789,1.08966,1.08497,1.08626,20203,-1
465,2020.04.20,16:00,1.0863,1.08871,1.08501,1.08705,22512,1
466,2020.04.20,20:00,1.08704,1.0873,1.08551,1.08604,13854,-1
467,2020.04.21,00:00,1.08602,1.087,1.08534,1.08564,7655,-1
468,2020.04.21,04:00,1.08565,1.08593,1.08255,1.08329,12590,-1
469,2020.04.21,08:00,1.08326,1.08471,1.08201,1.08367,18051,1
470,2020.04.21,12:00,1.08368,1.08531,1.0823,1.08292,22101,-1
471,2020.04.21,16:00,1.08291,1.08801,1.08164,1.0844,28960,1
472,2020.04.21,20:00,1.08441,1.08658,1.08415,1.08562,12901,1
473,2020.04.22,00:00,1.08569,1.08623,1.08491,1.08552,5345,-1
474,2020.04.22,04:00,1.08552,1.08609,1.08448,1.08462,8937,-1
475,2020.04.22,08:00,1.08462,1.08735,1.08452,1.086,19662,1
476,2020.04.22,12:00,1.08601,1.08852,1.08573,1.08685,17307,1
477,2020.04.22,16:00,1.08685,1.08717,1.081,1.08156,20147,-1
478,2020.04.22,20:00,1.08157,1.08256,1.08032,1.08224,8618,1
479,2020.04.23,00:00,1.08223,1.08242,1.08046,1.08111,5561,-1
480,2020.04.23,04:00,1.0811,1.08218,1.0808,1.08155,7194,1
481,2020.04.23,08:00,1.08154,1.08343,1.07844,1.07959,24290,-1
482,2020.04.23,12:00,1.07958,1.07994,1.07559,1.07875,25553,-1
483,2020.04.23,16:00,1.07874,1.08466,1.07807,1.08139,30972,1
484,2020.04.23,20:00,1.08139,1.08144,1.07618,1.07761,19726,-1
485,2020.04.24,00:00,1.07761,1.07849,1.07613,1.07663,8195,-1
486,2020.04.24,04:00,1.07662,1.07746,1.07631,1.07714,7300,1
487,2020.04.24,08:00,1.07714,1.07714,1.0727,1.07558,19213,-1
488,2020.04.24,12:00,1.0756,1.081,1.07496,1.08029,22930,1
489,2020.04.24,16:00,1.08031,1.08197,1.07843,1.0788,22617,-1
490,2020.04.24,20:00,1.0788,1.08294,1.07844,1.0825,11477,1
491,2020.04.27,00:00,1.08212,1.08229,1.08114,1.08181,6476,-1
492,2020.04.27,04:00,1.08182,1.08432,1.08174,1.0839,12255,1
493,2020.04.27,08:00,1.0839,1.08593,1.0833,1.08497,18754,1
494,2020.04.27,12:00,1.08498,1.08601,1.0834,1.08515,19385,1
495,2020.04.27,16:00,1.08515,1.08574,1.08165,1.08212,18445,-1
496,2020.04.27,20:00,1.08212,1.08342,1.08207,1.08273,8526,1
497,2020.04.28,00:00,1.08279,1.08362,1.08208,1.08329,6408,1
498,2020.04.28,04:00,1.08328,1.08344,1.08169,1.08218,8219,-1
499,2020.04.28,08:00,1.08217,1.08584,1.08099,1.08502,17931,1
500,2020.04.28,12:00,1.08501,1.08885,1.08442,1.08702,20863,1
501,2020.04.28,16:00,1.08703,1.08748,1.08249,1.08318,22394,-1
502,2020.04.28,20:00,1.08318,1.084,1.08177,1.0818,10449,-1
503,2020.04.29,00:00,1.08187,1.08422,1.08169,1.08414,5308,1
504,2020.04.29,04:00,1.08415,1.08544,1.08393,1.08499,7792,1
505,2020.04.29,08:00,1.08499,1.08741,1.08392,1.08663,18005,1
506,2020.04.29,12:00,1.08663,1.08728,1.08397,1.08572,17178,-1
507,2020.04.29,16:00,1.08573,1.08682,1.08427,1.08477,19674,-1
508,2020.04.29,20:00,1.08478,1.08856,1.0847,1.08702,18782,1
509,2020.04.30,00:00,1.08666,1.08786,1.08515,1.0859,5172,-1
510,2020.04.30,04:00,1.0859,1.08716,1.08546,1.08602,8316,1
511,2020.04.30,08:00,1.08602,1.08913,1.08535,1.08855,18913,1
512,2020.04.30,12:00,1.08856,1.08883,1.08592,1.08759,25415,-1
513,2020.04.30,16:00,1.0876,1.09727,1.0833,1.09369,42360,1
514,2020.04.30,20:00,1.0937,1.09635,1.09359,1.09537,16722,1
515,2020.05.01,00:00,1.09535,1.09554,1.09345,1.09456,8285,-1
516,2020.05.01,04:00,1.09458,1.09498,1.09367,1.09492,8331,1
517,2020.05.01,08:00,1.09493,1.09796,1.09441,1.09764,16253,1
518,2020.05.01,12:00,1.09764,1.09899,1.09708,1.09807,15619,1
519,2020.05.01,16:00,1.09807,1.10188,1.09719,1.09875,23483,1
520,2020.05.01,20:00,1.09877,1.09887,1.09735,1.09792,11642,-1
521,2020.05.04,00:00,1.09677,1.09737,1.09462,1.09472,8181,-1
522,2020.05.04,04:00,1.09473,1.09552,1.0935,1.09363,8015,-1
523,2020.05.04,08:00,1.09363,1.0949,1.09236,1.09448,20433,1
524,2020.05.04,12:00,1.09449,1.09454,1.09255,1.09348,18907,-1
525,2020.05.04,16:00,1.09348,1.0938,1.08958,1.08997,22643,-1
526,2020.05.04,20:00,1.08996,1.09096,1.08957,1.09056,10614,1
527,2020.05.05,00:00,1.08982,1.09132,1.0895,1.09106,4246,1
528,2020.05.05,04:00,1.09106,1.0916,1.08995,1.09067,4603,-1
529,2020.05.05,08:00,1.09068,1.09259,1.08418,1.08457,22111,-1
530,2020.05.05,12:00,1.08457,1.08567,1.08259,1.08417,26517,-1
531,2020.05.05,16:00,1.08416,1.08872,1.0834,1.08406,23705,-1
532,2020.05.05,20:00,1.08405,1.08577,1.0834,1.08375,9980,-1
533,2020.05.06,00:00,1.08423,1.0845,1.08345,1.08374,6123,-1
534,2020.05.06,04:00,1.08373,1.08421,1.08322,1.08407,7188,1
535,2020.05.06,08:00,1.08408,1.08411,1.07915,1.08018,19615,-1
536,2020.05.06,12:00,1.08022,1.08196,1.0782,1.08125,18400,1
537,2020.05.06,16:00,1.08126,1.08268,1.07901,1.08075,25069,-1
538,2020.05.06,20:00,1.08079,1.08132,1.07885,1.07885,11045,-1
539,2020.05.07,00:00,1.07883,1.08025,1.07883,1.07942,5659,1
540,2020.05.07,04:00,1.07942,1.08046,1.07935,1.07989,6054,1
541,2020.05.07,08:00,1.0799,1.08164,1.07862,1.07934,21225,-1
542,2020.05.07,12:00,1.07934,1.08013,1.07765,1.07941,22423,1
543,2020.05.07,16:00,1.07941,1.08186,1.07666,1.08127,28042,1
544,2020.05.07,20:00,1.08126,1.0834,1.08123,1.08334,13227,1
545,2020.05.08,00:00,1.08318,1.08496,1.08223,1.08479,7445,1
546,2020.05.08,04:00,1.0848,1.08548,1.08416,1.08432,9739,-1
547,2020.05.08,08:00,1.08432,1.08462,1.08195,1.08347,11920,-1
548,2020.05.08,12:00,1.08349,1.0852,1.08252,1.0836,18304,1
549,2020.05.08,16:00,1.08362,1.08755,1.08151,1.08461,22109,1
550,2020.05.08,20:00,1.0846,1.08534,1.08327,1.08385,8456,-1
551,2020.05.11,00:00,1.0828,1.0846,1.08237,1.08453,6850,1
552,2020.05.11,04:00,1.08453,1.08505,1.08411,1.08466,7207,1
553,2020.05.11,08:00,1.08465,1.08473,1.08086,1.0817,15268,-1
554,2020.05.11,12:00,1.08168,1.08299,1.08102,1.08205,19965,1
555,2020.05.11,16:00,1.08205,1.08438,1.08026,1.08078,23300,-1
556,2020.05.11,20:00,1.08077,1.08174,1.08005,1.08064,10564,-1
557,2020.05.12,00:00,1.0806,1.08105,1.07843,1.07923,7383,-1
558,2020.05.12,04:00,1.07923,1.08087,1.07879,1.08046,8435,1
559,2020.05.12,08:00,1.08045,1.08276,1.08002,1.082,17028,1
560,2020.05.12,12:00,1.08201,1.08644,1.08124,1.08593,21018,1
561,2020.05.12,16:00,1.08592,1.08851,1.08478,1.08509,24703,-1
562,2020.05.12,20:00,1.0851,1.08582,1.08445,1.08445,10744,-1
563,2020.05.13,00:00,1.08467,1.08571,1.08446,1.08553,5197,1
564,2020.05.13,04:00,1.08554,1.08568,1.08438,1.0849,8549,-1
565,2020.05.13,08:00,1.0849,1.08556,1.08307,1.08423,14407,-1
566,2020.05.13,12:00,1.08424,1.08811,1.08349,1.08792,19036,1
567,2020.05.13,16:00,1.08793,1.08964,1.08197,1.0822,33891,-1
568,2020.05.13,20:00,1.0822,1.08238,1.08115,1.08174,13712,-1
569,2020.05.14,00:00,1.08169,1.08238,1.08154,1.08213,5211,1
570,2020.05.14,04:00,1.08213,1.08217,1.0805,1.08092,7632,-1
571,2020.05.14,08:00,1.08093,1.08203,1.07961,1.08102,16143,1
572,2020.05.14,12:00,1.08101,1.08129,1.07748,1.07887,21470,-1
573,2020.05.14,16:00,1.07888,1.08163,1.07811,1.07827,23511,-1
574,2020.05.14,20:00,1.0783,1.0805,1.078,1.08038,11662,1
575,2020.05.15,00:00,1.08038,1.08079,1.07995,1.08052,5330,1
576,2020.05.15,04:00,1.08053,1.0807,1.07984,1.08052,6679,-1
577,2020.05.15,08:00,1.08054,1.08195,1.07932,1.08111,12551,1
578,2020.05.15,12:00,1.08111,1.08399,1.07888,1.08295,21118,1
579,2020.05.15,16:00,1.08294,1.0851,1.08039,1.08067,24610,-1
580,2020.05.15,20:00,1.08068,1.08207,1.08045,1.08181,8977,1
581,2020.05.18,00:00,1.08076,1.08234,1.0804,1.08169,5880,1
582,2020.05.18,04:00,1.0817,1.0827,1.08144,1.08205,6277,1
583,2020.05.18,08:00,1.08206,1.08284,1.08023,1.08093,11039,-1
584,2020.05.18,12:00,1.08092,1.08439,1.07998,1.08377,14745,1
585,2020.05.18,16:00,1.08378,1.09201,1.08369,1.09092,28860,1
586,2020.05.18,20:00,1.09092,1.0927,1.09051,1.09156,10666,1
587,2020.05.19,00:00,1.09095,1.09237,1.09095,1.09192,6803,1
588,2020.05.19,04:00,1.09192,1.092,1.09022,1.09097,7640,-1
589,2020.05.19,08:00,1.09096,1.09535,1.09076,1.09513,20410,1
590,2020.05.19,12:00,1.09514,1.0976,1.09422,1.09505,17975,-1
591,2020.05.19,16:00,1.09507,1.09508,1.09243,1.09293,19544,-1
592,2020.05.19,20:00,1.09293,1.0954,1.09187,1.09219,9168,-1
593,2020.05.20,00:00,1.09229,1.09395,1.09187,1.09382,4921,1
594,2020.05.20,04:00,1.09383,1.09469,1.09358,1.09411,6741,1
595,2020.05.20,08:00,1.09411,1.09601,1.09379,1.09421,15552,1
596,2020.05.20,12:00,1.0942,1.09667,1.09381,1.09651,17949,1
597,2020.05.20,16:00,1.09652,1.0999,1.09623,1.09757,22957,1
598,2020.05.20,20:00,1.09758,1.09922,1.09733,1.09774,10399,1
599,2020.05.21,00:00,1.09789,1.09818,1.09681,1.09684,4276,-1
600,2020.05.21,04:00,1.09684,1.09688,1.09566,1.09607,6740,-1
601,2020.05.21,08:00,1.09607,1.0979,1.09523,1.09724,13887,1
602,2020.05.21,12:00,1.09725,1.10083,1.09603,1.09954,19631,1
603,2020.05.21,16:00,1.09953,1.09954,1.09372,1.09549,24551,-1
604,2020.05.21,20:00,1.0955,1.09686,1.09418,1.09487,9790,-1
605,2020.05.22,00:00,1.09492,1.09537,1.09459,1.09477,4738,-1
606,2020.05.22,04:00,1.09477,1.09515,1.09271,1.09294,9424,-1
607,2020.05.22,08:00,1.09294,1.09322,1.08962,1.08991,16190,-1
608,2020.05.22,12:00,1.08991,1.09133,1.08872,1.08982,16394,-1
609,2020.05.22,16:00,1.08979,1.09046,1.08854,1.08881,15912,-1
610,2020.05.22,20:00,1.08881,1.09057,1.08878,1.0903,7831,1
611,2020.05.25,00:00,1.08954,1.09086,1.08949,1.09015,4458,1
612,2020.05.25,04:00,1.09016,1.09023,1.08872,1.08906,6942,-1
613,2020.05.25,08:00,1.08906,1.08932,1.08706,1.08894,10005,-1
614,2020.05.25,12:00,1.08894,1.09144,1.08883,1.09042,9718,1
615,2020.05.25,16:00,1.09041,1.09101,1.08898,1.08932,8974,-1
616,2020.05.25,20:00,1.08934,1.08994,1.08925,1.08946,6476,1
617,2020.05.26,00:00,1.08929,1.09103,1.08911,1.09097,5172,1
618,2020.05.26,04:00,1.09098,1.09219,1.09076,1.09192,8515,1
619,2020.05.26,08:00,1.09191,1.09597,1.09145,1.09577,15549,1
620,2020.05.26,12:00,1.09577,1.09801,1.09516,1.09708,18722,1
621,2020.05.26,16:00,1.09708,1.09916,1.09639,1.09766,23191,1
622,2020.05.26,20:00,1.09767,1.09958,1.09705,1.09817,10518,1
623,2020.05.27,00:00,1.09815,1.0985,1.09678,1.09701,6092,-1
624,2020.05.27,04:00,1.09701,1.0975,1.09535,1.09549,10937,-1
625,2020.05.27,08:00,1.09548,1.09791,1.09511,1.09565,18076,1
626,2020.05.27,12:00,1.09564,1.10308,1.09339,1.09979,39606,1
627,2020.05.27,16:00,1.09979,1.10166,1.09553,1.09748,34580,-1
628,2020.05.27,20:00,1.09748,1.10096,1.09685,1.1009,12941,1
629,2020.05.28,00:00,1.10091,1.10267,1.10007,1.10233,6990,1
630,2020.05.28,04:00,1.10234,1.10351,1.10056,1.10081,12382,-1
631,2020.05.28,08:00,1.10084,1.10305,1.09916,1.09991,22122,-1
632,2020.05.28,12:00,1.0999,1.10295,1.0992,1.10215,24357,1
633,2020.05.28,16:00,1.10215,1.10826,1.10214,1.10821,30479,1
634,2020.05.28,20:00,1.1082,1.10934,1.10669,1.10752,15204,-1
635,2020.05.29,00:00,1.10763,1.10813,1.10674,1.10765,8294,1
636,2020.05.29,04:00,1.10766,1.11002,1.10741,1.10994,10426,1
637,2020.05.29,08:00,1.10994,1.11198,1.10893,1.11166,23161,1
638,2020.05.29,12:00,1.11163,1.11449,1.11125,1.11297,26077,1
639,2020.05.29,16:00,1.11297,1.11328,1.10894,1.10977,41114,-1
640,2020.05.29,20:00,1.10977,1.11086,1.10808,1.11008,22923,1
641,2020.06.01,00:00,1.1113,1.1126,1.11024,1.11215,9929,1
642,2020.06.01,04:00,1.11212,1.11403,1.11164,1.11335,15005,1
643,2020.06.01,08:00,1.11334,1.11538,1.1116,1.11397,26048,1
644,2020.06.01,12:00,1.11398,1.11412,1.11005,1.111,22812,-1
645,2020.06.01,16:00,1.11101,1.11405,1.11035,1.11299,27280,1
646,2020.06.01,20:00,1.11298,1.11363,1.11226,1.11335,10292,1
647,2020.06.02,00:00,1.11356,1.11385,1.1124,1.11322,6702,-1
648,2020.06.02,04:00,1.11321,1.11331,1.11191,1.11257,9812,-1
649,2020.06.02,08:00,1.11256,1.11714,1.11152,1.11704,27303,1
650,2020.06.02,12:00,1.11705,1.11878,1.11548,1.11649,30626,-1
651,2020.06.02,16:00,1.1165,1.1196,1.11635,1.11741,31369,1
652,2020.06.02,20:00,1.1174,1.11813,1.11612,1.11692,14192,-1
653,2020.06.03,00:00,1.1169,1.12013,1.11667,1.11928,10143,1
654,2020.06.03,04:00,1.1193,1.12111,1.11827,1.12033,17858,1
655,2020.06.03,08:00,1.12033,1.12276,1.11911,1.12107,27214,1
656,2020.06.03,12:00,1.12107,1.12268,1.11839,1.11912,29614,-1
657,2020.06.03,16:00,1.11911,1.12515,1.11864,1.12367,38324,1
658,2020.06.03,20:00,1.12366,1.12579,1.12315,1.12325,13312,-1
659,2020.06.04,00:00,1.12325,1.12376,1.12136,1.12227,7601,-1
660,2020.06.04,04:00,1.12228,1.12247,1.12113,1.12154,12208,-1
661,2020.06.04,08:00,1.12154,1.12213,1.11947,1.12069,21103,-1
662,2020.06.04,12:00,1.12067,1.12722,1.11953,1.12373,36800,1
663,2020.06.04,16:00,1.12372,1.13622,1.12265,1.13289,48009,1
664,2020.06.04,20:00,1.13291,1.13618,1.13262,1.13368,20297,1
665,2020.06.05,00:00,1.13366,1.13446,1.13311,1.13328,8250,-1
666,2020.06.05,04:00,1.1333,1.13551,1.1326,1.1347,13133,1
667,2020.06.05,08:00,1.13468,1.13838,1.13263,1.13325,29226,-1
668,2020.06.05,12:00,1.13325,1.13435,1.12824,1.12958,36035,-1
669,2020.06.05,16:00,1.12955,1.13238,1.12828,1.12905,42041,-1
670,2020.06.05,20:00,1.12906,1.12994,1.12784,1.12913,16844,1
671,2020.06.08,00:00,1.12932,1.13198,1.12919,1.12977,9853,1
672,2020.06.08,04:00,1.12977,1.12994,1.12848,1.12887,12974,-1
673,2020.06.08,08:00,1.12887,1.13157,1.1281,1.13001,22387,1
674,2020.06.08,12:00,1.13,1.13065,1.12682,1.12938,25285,-1
675,2020.06.08,16:00,1.12939,1.13184,1.12852,1.12911,31622,-1
676,2020.06.08,20:00,1.12912,1.13086,1.12842,1.1291,12146,-1
677,2020.06.09,00:00,1.12906,1.1315,1.129,1.1304,8213,1
678,2020.06.09,04:00,1.1304,1.13043,1.12838,1.12855,14869,-1
679,2020.06.09,08:00,1.12854,1.1296,1.12409,1.1262,28198,-1
680,2020.06.09,12:00,1.12618,1.13023,1.12554,1.12991,27917,1
681,2020.06.09,16:00,1.12993,1.13638,1.12967,1.13425,34462,1
682,2020.06.09,20:00,1.13426,1.13481,1.13311,1.13393,12326,-1
683,2020.06.10,00:00,1.13392,1.13447,1.13316,1.13395,7350,1
684,2020.06.10,04:00,1.13396,1.1346,1.13378,1.13427,11443,1
685,2020.06.10,08:00,1.13429,1.13757,1.13416,1.13691,26905,1
686,2020.06.10,12:00,1.1369,1.13894,1.13483,1.138,26535,1
687,2020.06.10,16:00,1.13802,1.13855,1.1342,1.13516,30095,-1
688,2020.06.10,20:00,1.13516,1.14224,1.13219,1.13711,42338,1
689,2020.06.11,00:00,1.13724,1.13887,1.13639,1.13866,10315,1
690,2020.06.11,04:00,1.13866,1.13952,1.13436,1.13511,26654,-1
691,2020.06.11,08:00,1.1351,1.13908,1.13251,1.13896,43350,1
692,2020.06.11,12:00,1.13896,1.14013,1.13362,1.13566,38024,-1
693,2020.06.11,16:00,1.13568,1.14035,1.13505,1.13614,50810,1
694,2020.06.11,20:00,1.13614,1.13616,1.12887,1.12896,38385,-1
695,2020.06.12,00:00,1.12937,1.13016,1.12803,1.12825,14639,-1
696,2020.06.12,04:00,1.12826,1.12978,1.12765,1.12968,28631,1
697,2020.06.12,08:00,1.12969,1.13405,1.12931,1.1325,36536,1
698,2020.06.12,12:00,1.13251,1.13274,1.12925,1.13053,34750,-1
699,2020.06.12,16:00,1.13052,1.1323,1.12334,1.1236,55928,-1
700,2020.06.12,20:00,1.12362,1.12621,1.12125,1.12571,35382,1
701,2020.06.15,00:00,1.12328,1.12611,1.12263,1.1246,17178,1
702,2020.06.15,04:00,1.12461,1.12684,1.12437,1.12606,25976,1
703,2020.06.15,08:00,1.12607,1.12677,1.12268,1.12666,45573,1
704,2020.06.15,12:00,1.12666,1.12678,1.12405,1.12476,34754,-1
705,2020.06.15,16:00,1.12478,1.1294,1.12442,1.12853,45451,1
706,2020.06.15,20:00,1.12853,1.13325,1.12822,1.13245,30424,1
707,2020.06.16,00:00,1.13245,1.13399,1.13189,1.13336,10170,1
708,2020.06.16,04:00,1.13337,1.13485,1.13275,1.13329,21723,-1
709,2020.06.16,08:00,1.1333,1.13534,1.13151,1.13368,32721,1
710,2020.06.16,12:00,1.13368,1.13413,1.12947,1.13025,32960,-1
711,2020.06.16,16:00,1.13026,1.1303,1.12279,1.12683,55507,-1
712,2020.06.16,20:00,1.12684,1.12725,1.12567,1.12633,16421,-1
713,2020.06.17,00:00,1.12631,1.12731,1.12532,1.12674,11715,1
714,2020.06.17,04:00,1.12675,1.12731,1.1255,1.12712,22437,1
715,2020.06.17,08:00,1.12711,1.1294,1.12511,1.12576,33073,-1
716,2020.06.17,12:00,1.12575,1.12603,1.12228,1.1237,37267,-1
717,2020.06.17,16:00,1.12371,1.12485,1.12069,1.1231,43223,-1
718,2020.06.17,20:00,1.12309,1.12461,1.12287,1.12397,17784,1
719,2020.06.18,00:00,1.12405,1.12502,1.12378,1.12412,9583,1
720,2020.06.18,04:00,1.12413,1.12613,1.12249,1.12554,23960,1
721,2020.06.18,08:00,1.12553,1.12602,1.12301,1.12492,31390,-1
722,2020.06.18,12:00,1.12493,1.12614,1.12143,1.12275,39541,-1
723,2020.06.18,16:00,1.12274,1.12325,1.11924,1.11931,37301,-1
724,2020.06.18,20:00,1.11932,1.12131,1.11856,1.12012,17283,1
725,2020.06.19,00:00,1.1201,1.12133,1.11986,1.12037,8300,1
726,2020.06.19,04:00,1.12037,1.12162,1.11989,1.12134,18586,1
727,2020.06.19,08:00,1.12134,1.12219,1.12036,1.12162,23383,1
728,2020.06.19,12:00,1.12161,1.12542,1.11945,1.1238,30815,1
729,2020.06.19,16:00,1.12381,1.12424,1.11683,1.11925,46838,-1
730,2020.06.19,20:00,1.11925,1.11937,1.1172,1.11774,21803,-1
731,2020.06.22,00:00,1.11822,1.11869,1.11685,1.118,9907,-1
732,2020.06.22,04:00,1.118,1.1204,1.11799,1.1203,17261,1
733,2020.06.22,08:00,1.12029,1.12251,1.11881,1.12243,28943,1
734,2020.06.22,12:00,1.12244,1.12265,1.12032,1.12208,26129,-1
735,2020.06.22,16:00,1.1221,1.12699,1.1221,1.12606,31778,1
736,2020.06.22,20:00,1.12605,1.12662,1.12528,1.12557,13123,-1
737,2020.06.23,00:00,1.12577,1.12808,1.12577,1.12669,8459,1
738,2020.06.23,04:00,1.12669,1.12762,1.1233,1.12615,34954,-1
739,2020.06.23,08:00,1.12617,1.13059,1.12565,1.12904,33972,1
740,2020.06.23,12:00,1.12905,1.13333,1.12823,1.13296,31419,1
741,2020.06.23,16:00,1.133,1.13486,1.13069,1.13087,34900,-1
742,2020.06.23,20:00,1.13087,1.13209,1.13017,1.13075,16484,-1
743,2020.06.24,00:00,1.13075,1.13219,1.13068,1.13174,8308,1
744,2020.06.24,04:00,1.13174,1.13257,1.1309,1.13146,18332,-1
745,2020.06.24,08:00,1.13145,1.1325,1.12869,1.13015,26699,-1
746,2020.06.24,12:00,1.13016,1.13109,1.12684,1.12734,34918,-1
747,2020.06.24,16:00,1.12734,1.12823,1.12572,1.1278,43855,1
748,2020.06.24,20:00,1.1278,1.12805,1.12482,1.12505,20916,-1
749,2020.06.25,00:00,1.12502,1.12584,1.12456,1.12559,9947,1
750,2020.06.25,04:00,1.1256,1.12596,1.12398,1.12487,21087,-1
751,2020.06.25,08:00,1.12488,1.12535,1.12238,1.12295,33340,-1
752,2020.06.25,12:00,1.12295,1.12345,1.11903,1.12112,36995,-1
753,2020.06.25,16:00,1.12111,1.12313,1.1203,1.12272,34508,1
754,2020.06.25,20:00,1.12272,1.12303,1.12113,1.1218,16477,-1
755,2020.06.26,00:00,1.1218,1.12237,1.12081,1.12157,7616,-1
756,2020.06.26,04:00,1.12157,1.12264,1.12137,1.12237,11538,1
757,2020.06.26,08:00,1.12237,1.12393,1.1205,1.12391,21311,1
758,2020.06.26,12:00,1.1239,1.12392,1.12066,1.12188,21793,-1
759,2020.06.26,16:00,1.1219,1.1235,1.11952,1.12296,32620,1
760,2020.06.26,20:00,1.12295,1.12383,1.12173,1.12186,16550,-1
761,2020.06.29,00:00,1.12148,1.12297,1.12148,1.12297,6300,1
762,2020.06.29,04:00,1.12297,1.12469,1.1229,1.12417,19003,1
763,2020.06.29,08:00,1.12418,1.1267,1.12406,1.12541,26643,1
764,2020.06.29,12:00,1.12541,1.12879,1.12494,1.12862,24498,1
765,2020.06.29,16:00,1.12862,1.12867,1.12247,1.12274,31907,-1
766,2020.06.29,20:00,1.12275,1.1243,1.12195,1.1242,12856,1
767,2020.06.30,00:00,1.1232,1.12518,1.12318,1.12382,6223,1
768,2020.06.30,04:00,1.12384,1.12495,1.12362,1.12386,7815,1
769,2020.06.30,08:00,1.12387,1.12402,1.12041,1.1219,23322,-1
770,2020.06.30,12:00,1.12192,1.122,1.11911,1.12096,26281,-1
771,2020.06.30,16:00,1.12095,1.12619,1.12034,1.12433,41816,1
772,2020.06.30,20:00,1.12433,1.12518,1.12264,1.12336,17488,-1
773,2020.07.01,00:00,1.12345,1.12363,1.12275,1.12307,5350,-1
774,2020.07.01,04:00,1.12307,1.12407,1.12152,1.12186,16454,-1
775,2020.07.01,08:00,1.12186,1.12448,1.12158,1.12313,20310,1
776,2020.07.01,12:00,1.12312,1.12338,1.1185,1.12177,31502,-1
777,2020.07.01,16:00,1.12178,1.12752,1.12141,1.12644,34745,1
778,2020.07.01,20:00,1.12643,1.1267,1.12433,1.12508,15294,-1
779,2020.07.02,00:00,1.1249,1.12555,1.12472,1.12516,6030,1
780,2020.07.02,04:00,1.12516,1.1267,1.12488,1.12649,14597,1
781,2020.07.02,08:00,1.1265,1.13027,1.12617,1.12974,23899,1
782,2020.07.02,12:00,1.12973,1.12986,1.12637,1.12648,26866,-1
783,2020.07.02,16:00,1.12649,1.12818,1.12234,1.12287,38130,-1
784,2020.07.02,20:00,1.12286,1.12416,1.12269,1.12315,11523,1
785,2020.07.03,00:00,1.12313,1.12421,1.12313,1.124,4985,1
786,2020.07.03,04:00,1.124,1.12492,1.12281,1.1229,12961,-1
787,2020.07.03,08:00,1.12289,1.12468,1.12243,1.12337,21549,1
788,2020.07.03,12:00,1.12336,1.12373,1.12193,1.12293,21112,-1
789,2020.07.03,16:00,1.12294,1.12482,1.12258,1.12419,17318,1
790,2020.07.03,20:00,1.12419,1.12515,1.12359,1.12425,26053,1
791,2020.07.06,00:00,1.12431,1.12671,1.12404,1.12642,5944,1
792,2020.07.06,04:00,1.12643,1.12923,1.12611,1.12917,13883,1
793,2020.07.06,08:00,1.12916,1.13026,1.12811,1.12904,25669,-1
794,2020.07.06,12:00,1.12903,1.13297,1.12827,1.13296,25923,1
795,2020.07.06,16:00,1.13296,1.13454,1.13025,1.13064,28561,-1
796,2020.07.06,20:00,1.13063,1.13188,1.13046,1.13053,12846,-1
797,2020.07.07,00:00,1.13087,1.13324,1.13043,1.13263,7050,1
798,2020.07.07,04:00,1.13263,1.1328,1.13062,1.13114,19840,-1
799,2020.07.07,08:00,1.13112,1.13159,1.12632,1.12645,27266,-1
800,2020.07.07,12:00,1.12644,1.13003,1.12589,1.12979,25298,1
801,2020.07.07,16:00,1.1298,1.13067,1.12714,1.12902,31339,-1
802,2020.07.07,20:00,1.12901,1.12983,1.12681,1.12681,17539,-1
803,2020.07.08,00:00,1.12681,1.12825,1.12649,1.1269,6528,1
804,2020.07.08,04:00,1.12689,1.12804,1.12682,1.12764,15581,1
805,2020.07.08,08:00,1.12764,1.12942,1.12623,1.12789,23973,1
806,2020.07.08,12:00,1.12788,1.12953,1.12659,1.12881,19684,1
807,2020.07.08,16:00,1.12882,1.13517,1.12874,1.13359,35191,1
808,2020.07.08,20:00,1.13359,1.13421,1.13276,1.13294,16180,-1
809,2020.07.09,00:00,1.13264,1.13468,1.1326,1.13336,5862,1
810,2020.07.09,04:00,1.13335,1.13706,1.13275,1.13648,18876,1
811,2020.07.09,08:00,1.13647,1.13676,1.13251,1.13293,26852,-1
812,2020.07.09,12:00,1.13293,1.13486,1.13162,1.13431,26605,1
813,2020.07.09,16:00,1.13431,1.13483,1.12853,1.12904,45974,-1
814,2020.07.09,20:00,1.12904,1.12972,1.12802,1.12813,14270,-1
815,2020.07.10,00:00,1.12813,1.12902,1.12708,1.12752,4955,-1
816,2020.07.10,04:00,1.12751,1.12784,1.12679,1.1271,14579,-1
817,2020.07.10,08:00,1.1271,1.12911,1.12548,1.12856,26986,1
818,2020.07.10,12:00,1.12855,1.13004,1.12735,1.12931,24613,1
819,2020.07.10,16:00,1.12931,1.13247,1.12931,1.12996,33341,1
820,2020.07.10,20:00,1.12996,1.1306,1.12948,1.12988,12550,-1
821,2020.07.13,00:00,1.13043,1.13174,1.13023,1.13144,6419,1
822,2020.07.13,04:00,1.13144,1.13303,1.13141,1.13225,9439,1
823,2020.07.13,08:00,1.13226,1.13361,1.13009,1.13087,18858,-1
824,2020.07.13,12:00,1.13088,1.13385,1.13042,1.13256,18737,1
825,2020.07.13,16:00,1.13256,1.13749,1.13253,1.13675,27906,1
826,2020.07.13,20:00,1.13673,1.13748,1.13398,1.13405,21796,-1
827,2020.07.14,00:00,1.13403,1.13503,1.13399,1.1345,6957,1
828,2020.07.14,04:00,1.13451,1.13486,1.13353,1.13449,17319,-1
829,2020.07.14,08:00,1.13449,1.13586,1.13253,1.13506,24379,1
830,2020.07.14,12:00,1.13507,1.13813,1.13475,1.13719,29965,1
831,2020.07.14,16:00,1.1372,1.14088,1.13613,1.14031,45693,1
832,2020.07.14,20:00,1.14034,1.14054,1.1387,1.13994,18978,-1
833,2020.07.15,00:00,1.13945,1.14231,1.13894,1.14132,8788,1
834,2020.07.15,04:00,1.1413,1.14211,1.13941,1.13951,18871,-1
835,2020.07.15,08:00,1.13951,1.14447,1.13911,1.14369,26088,1
836,2020.07.15,12:00,1.1437,1.14475,1.14256,1.14355,26848,-1
837,2020.07.15,16:00,1.14355,1.14521,1.14015,1.14072,35908,-1
838,2020.07.15,20:00,1.14072,1.1413,1.14029,1.14071,14031,-1
839,2020.07.16,00:00,1.14071,1.14186,1.14071,1.14144,6552,1
840,2020.07.16,04:00,1.14144,1.14167,1.14003,1.1406,17778,-1
841,2020.07.16,08:00,1.1406,1.14156,1.13857,1.1393,25393,-1
842,2020.07.16,12:00,1.1393,1.14247,1.13783,1.14105,29661,1
843,2020.07.16,16:00,1.14102,1.14417,1.13995,1.14093,30674,-1
844,2020.07.16,20:00,1.14093,1.14102,1.13705,1.13833,17062,-1
845,2020.07.17,00:00,1.13835,1.13933,1.1375,1.13849,7596,1
846,2020.07.17,04:00,1.13848,1.13935,1.13776,1.13875,14414,1
847,2020.07.17,08:00,1.13874,1.14176,1.13781,1.14168,19100,1
848,2020.07.17,12:00,1.14169,1.14303,1.14095,1.14191,20451,1
849,2020.07.17,16:00,1.1419,1.14426,1.14162,1.14356,24472,1
850,2020.07.17,20:00,1.14355,1.14456,1.14073,1.14221,22574,-1
851,2020.07.20,04:00,1.1422,1.14429,1.14125,1.14427,17728,1
852,2020.07.20,08:00,1.14423,1.14677,1.14358,1.14572,30995,1
853,2020.07.20,12:00,1.14574,1.14643,1.14158,1.14182,27208,-1
854,2020.07.20,16:00,1.14182,1.14485,1.14024,1.14385,29411,1
855,2020.07.20,20:00,1.14385,1.14489,1.14336,1.14437,10667,1
856,2020.07.21,00:00,1.14436,1.14639,1.14411,1.14553,5475,1
857,2020.07.21,04:00,1.14554,1.14696,1.14229,1.14305,19804,-1
858,2020.07.21,08:00,1.14305,1.14668,1.14279,1.14432,27326,1
859,2020.07.21,12:00,1.14432,1.14595,1.14299,1.14391,25650,-1
860,2020.07.21,16:00,1.14393,1.15174,1.14251,1.15163,33167,1
861,2020.07.21,20:00,1.15162,1.15397,1.15126,1.15272,15421,1
862,2020.07.22,00:00,1.15272,1.15423,1.15233,1.15307,9384,1
863,2020.07.22,04:00,1.15307,1.1547,1.15293,1.1539,16487,1
864,2020.07.22,08:00,1.15389,1.15455,1.15067,1.15223,34614,-1
865,2020.07.22,12:00,1.15224,1.16001,1.15168,1.15958,36857,1
866,2020.07.22,16:00,1.15957,1.16014,1.15709,1.15772,37351,-1
867,2020.07.22,20:00,1.1577,1.15821,1.15627,1.15701,14248,-1
868,2020.07.23,00:00,1.15723,1.15759,1.15641,1.15676,7520,-1
869,2020.07.23,04:00,1.15674,1.15838,1.15643,1.15803,16557,1
870,2020.07.23,08:00,1.15801,1.15983,1.15704,1.15883,26971,1
871,2020.07.23,12:00,1.15885,1.15945,1.15417,1.15417,28245,-1
872,2020.07.23,16:00,1.1542,1.16268,1.15402,1.16203,38258,1
873,2020.07.23,20:00,1.16202,1.16244,1.15888,1.15914,26368,-1
874,2020.07.24,00:00,1.15914,1.16162,1.15912,1.16137,8038,1
875,2020.07.24,04:00,1.16137,1.16211,1.1595,1.15981,19487,-1
876,2020.07.24,08:00,1.15981,1.16213,1.15901,1.16003,33614,1
877,2020.07.24,12:00,1.16003,1.16177,1.15812,1.16148,30885,1
878,2020.07.24,16:00,1.16147,1.16386,1.15979,1.16349,37068,1
879,2020.07.24,20:00,1.16348,1.16581,1.16343,1.16554,16075,1
880,2020.07.27,00:00,1.16432,1.16984,1.16404,1.16887,16592,1
881,2020.07.27,04:00,1.16886,1.17252,1.16853,1.17052,28962,1
882,2020.07.27,08:00,1.17052,1.1717,1.16897,1.16954,28462,-1
883,2020.07.27,12:00,1.16955,1.17644,1.1682,1.17394,33500,1
884,2020.07.27,16:00,1.17392,1.17814,1.17281,1.17449,35265,1
885,2020.07.27,20:00,1.17449,1.17648,1.17423,1.17515,14327,1
886,2020.07.28,00:00,1.17515,1.17729,1.17456,1.17662,12097,1
887,2020.07.28,04:00,1.17663,1.17737,1.17143,1.17312,31289,-1
888,2020.07.28,08:00,1.17313,1.17406,1.16987,1.17213,32184,-1
889,2020.07.28,12:00,1.17214,1.17431,1.17002,1.17327,30119,1
890,2020.07.28,16:00,1.17327,1.17424,1.17083,1.17347,39735,1
891,2020.07.28,20:00,1.17348,1.17371,1.17123,1.17151,13895,-1
892,2020.07.29,00:00,1.17118,1.17256,1.17103,1.17215,6951,1
893,2020.07.29,04:00,1.17217,1.17339,1.17152,1.17296,18739,1
894,2020.07.29,08:00,1.17295,1.17701,1.17246,1.17509,25856,1
895,2020.07.29,12:00,1.17507,1.17546,1.17185,1.1744,25476,-1
896,2020.07.29,16:00,1.17441,1.17785,1.17422,1.17733,30818,1
897,2020.07.29,20:00,1.17734,1.18063,1.17542,1.17881,34852,1
898,2020.07.30,00:00,1.17884,1.1793,1.17724,1.17798,6717,-1
899,2020.07.30,04:00,1.17799,1.17852,1.17657,1.17684,18932,-1
900,2020.07.30,08:00,1.17687,1.17693,1.17403,1.1742,33883,-1
901,2020.07.30,12:00,1.17419,1.17791,1.17309,1.17772,28598,1
902,2020.07.30,16:00,1.17774,1.18098,1.1774,1.18036,48439,1
903,2020.07.30,20:00,1.18035,1.18484,1.18022,1.18464,22562,1
904,2020.07.31,00:00,1.18453,1.18887,1.18361,1.1866,16269,1
905,2020.07.31,04:00,1.18659,1.1905,1.18619,1.18977,32028,1
906,2020.07.31,08:00,1.18977,1.19088,1.18522,1.18571,34457,-1
907,2020.07.31,12:00,1.18572,1.18624,1.18275,1.18439,30790,-1
908,2020.07.31,16:00,1.18438,1.18513,1.17615,1.17912,52592,-1
909,2020.07.31,20:00,1.17911,1.18054,1.17406,1.17534,39712,-1
910,2020.08.03,04:00,1.17535,1.17824,1.17449,1.17755,24177,1
911,2020.08.03,08:00,1.17754,1.1785,1.1749,1.1779,29253,1
912,2020.08.03,12:00,1.17786,1.17798,1.17061,1.17075,28560,-1
913,2020.08.03,16:00,1.17076,1.17521,1.16959,1.17491,33961,1
914,2020.08.03,20:00,1.17491,1.17678,1.1747,1.17613,15760,1
915,2020.08.04,00:00,1.17633,1.1766,1.17521,1.17537,6726,-1
916,2020.08.04,04:00,1.17538,1.17747,1.17534,1.17739,16734,1
917,2020.08.04,08:00,1.17738,1.18027,1.1764,1.17926,32264,1
918,2020.08.04,12:00,1.17925,1.18061,1.17221,1.17283,36079,-1
919,2020.08.04,16:00,1.17286,1.17778,1.17213,1.17774,34411,1
920,2020.08.04,20:00,1.17774,1.18031,1.17747,1.17982,15191,1
921,2020.08.05,00:00,1.17982,1.18151,1.17928,1.18096,7638,1
922,2020.08.05,04:00,1.18097,1.18216,1.18051,1.18169,16973,1
923,2020.08.05,08:00,1.1817,1.18414,1.17994,1.18405,26912,1
924,2020.08.05,12:00,1.18405,1.1881,1.18315,1.18789,32891,1
925,2020.08.05,16:00,1.18788,1.1905,1.1863,1.18733,38380,-1
926,2020.08.05,20:00,1.18733,1.18788,1.18545,1.18628,11917,-1
927,2020.08.06,00:00,1.18611,1.1886,1.18595,1.18786,7402,1
928,2020.08.06,04:00,1.18785,1.18839,1.18628,1.18792,21137,1
929,2020.08.06,08:00,1.1879,1.19162,1.18382,1.18428,38499,-1
930,2020.08.06,12:00,1.18426,1.18704,1.18322,1.18479,34533,1
931,2020.08.06,16:00,1.1848,1.18905,1.1818,1.18798,42340,1
932,2020.08.06,20:00,1.18798,1.18937,1.18632,1.18762,21990,-1
933,2020.08.07,00:00,1.18762,1.18831,1.18694,1.18743,7051,-1
934,2020.08.07,04:00,1.18744,1.18746,1.18197,1.18352,28661,-1
935,2020.08.07,08:00,1.18353,1.18506,1.18212,1.18327,30340,-1
936,2020.08.07,12:00,1.18327,1.18457,1.1802,1.18315,34256,-1
937,2020.08.07,16:00,1.18315,1.18333,1.17552,1.17693,45086,-1
938,2020.08.07,20:00,1.17695,1.17888,1.17663,1.17854,18424,1
939,2020.08.10,00:00,1.17869,1.17954,1.17732,1.17935,6820,1
940,2020.08.10,04:00,1.17936,1.17982,1.17897,1.17911,11403,-1
941,2020.08.10,08:00,1.17909,1.18006,1.17523,1.17723,25647,-1
942,2020.08.10,12:00,1.17726,1.17754,1.17405,1.17675,25023,-1
943,2020.08.10,16:00,1.17675,1.17917,1.17466,1.17533,31062,-1
944,2020.08.10,20:00,1.17534,1.17566,1.17359,1.17389,13833,-1
945,2020.08.11,00:00,1.17357,1.17429,1.17219,1.17246,6955,-1
946,2020.08.11,04:00,1.17246,1.17548,1.1723,1.1752,14103,1
947,2020.08.11,08:00,1.1752,1.17744,1.17229,1.17714,32373,1
948,2020.08.11,12:00,1.17713,1.18079,1.17713,1.17964,37005,1
949,2020.08.11,16:00,1.17962,1.17974,1.17568,1.17712,41724,-1
950,2020.08.11,20:00,1.17713,1.17716,1.17282,1.17396,24395,-1
951,2020.08.12,00:00,1.17397,1.17452,1.17259,1.17338,11009,-1
952,2020.08.12,04:00,1.17338,1.17412,1.1711,1.17142,26654,-1
953,2020.08.12,08:00,1.17143,1.17606,1.17121,1.17475,32112,1
954,2020.08.12,12:00,1.17475,1.17955,1.17444,1.17905,32606,1
955,2020.08.12,16:00,1.17902,1.18171,1.17721,1.17913,39278,1
956,2020.08.12,20:00,1.17913,1.17971,1.17775,1.17775,15497,-1
957,2020.08.13,00:00,1.17797,1.18106,1.1779,1.18064,5906,1
958,2020.08.13,04:00,1.18065,1.18171,1.18004,1.18011,16418,-1
959,2020.08.13,08:00,1.18011,1.18413,1.18004,1.18386,27846,1
960,2020.08.13,12:00,1.18385,1.18532,1.18231,1.18489,31162,1
961,2020.08.13,16:00,1.1849,1.18641,1.18132,1.18172,32187,-1
962,2020.08.13,20:00,1.18172,1.1821,1.17934,1.18124,20224,-1
963,2020.08.14,00:00,1.18123,1.18205,1.18071,1.18095,5745,-1
964,2020.08.14,04:00,1.18096,1.18184,1.18015,1.18132,16652,1
965,2020.08.14,08:00,1.18131,1.18266,1.17908,1.18161,28140,1
966,2020.08.14,12:00,1.18162,1.183,1.17817,1.1818,31371,1
967,2020.08.14,16:00,1.18179,1.18487,1.18104,1.18451,35953,1
968,2020.08.14,20:00,1.18449,1.18503,1.18338,1.18417,14311,-1
969,2020.08.17,00:00,1.18394,1.18529,1.18288,1.18474,5721,1
970,2020.08.17,04:00,1.18474,1.18677,1.18434,1.18565,14487,1
971,2020.08.17,08:00,1.18565,1.1868,1.18287,1.18382,24586,-1
972,2020.08.17,12:00,1.18382,1.18638,1.1834,1.1857,26968,1
973,2020.08.17,16:00,1.18574,1.1881,1.18514,1.18677,29030,1
974,2020.08.17,20:00,1.18681,1.1874,1.18603,1.18656,10143,-1
975,2020.08.18,00:00,1.18662,1.18918,1.18628,1.18904,7909,1
976,2020.08.18,04:00,1.18903,1.18965,1.18832,1.18918,19305,1
977,2020.08.18,08:00,1.18919,1.19153,1.18827,1.19102,31698,1
978,2020.08.18,12:00,1.19103,1.19448,1.18972,1.1938,27801,1
979,2020.08.18,16:00,1.19381,1.19657,1.19181,1.1936,40372,-1
980,2020.08.18,20:00,1.19361,1.19387,1.19283,1.1931,13084,-1
981,2020.08.19,00:00,1.19284,1.19517,1.19276,1.19476,8210,1
982,2020.08.19,04:00,1.19475,1.19527,1.19278,1.19308,11395,-1
983,2020.08.19,08:00,1.19308,1.19476,1.19224,1.19403,24321,1
984,2020.08.19,12:00,1.19401,1.19509,1.19256,1.19305,25188,-1
985,2020.08.19,16:00,1.19306,1.19488,1.18659,1.18778,37294,-1
986,2020.08.19,20:00,1.18774,1.1894,1.18303,1.18385,35198,-1
987,2020.08.20,00:00,1.18385,1.18531,1.18362,1.18447,7877,1
988,2020.08.20,04:00,1.18448,1.18535,1.18313,1.18478,12369,1
989,2020.08.20,08:00,1.18478,1.18687,1.18121,1.18367,32853,-1
990,2020.08.20,12:00,1.18366,1.18562,1.18214,1.18315,33988,-1
991,2020.08.20,16:00,1.18316,1.18652,1.18021,1.1854,45087,1
992,2020.08.20,20:00,1.1854,1.18631,1.18488,1.18586,19030,1
993,2020.08.21,00:00,1.1859,1.18769,1.18543,1.18743,6753,1
994,2020.08.21,04:00,1.18743,1.18783,1.18628,1.18769,9481,1
995,2020.08.21,08:00,1.18769,1.18829,1.17992,1.18127,26634,-1
996,2020.08.21,12:00,1.18127,1.18183,1.17603,1.17851,38105,-1
997,2020.08.21,16:00,1.17848,1.17875,1.17542,1.17723,36254,-1
998,2020.08.21,20:00,1.17723,1.17987,1.17697,1.17957,14718,1
999,2020.08.24,00:00,1.1789,1.18065,1.1789,1.17947,6474,1
1000,2020.08.24,04:00,1.17949,1.18064,1.17846,1.17943,8426,-1
1001,2020.08.24,08:00,1.17944,1.18249,1.17908,1.18219,18187,1
1002,2020.08.24,12:00,1.18222,1.18495,1.18214,1.18422,25138,1
1003,2020.08.24,16:00,1.18424,1.18449,1.17917,1.17991,36020,-1
1004,2020.08.24,20:00,1.17992,1.18054,1.17842,1.17847,14588,-1
1005,2020.08.25,00:00,1.17846,1.18004,1.17841,1.17984,7253,1
1006,2020.08.25,04:00,1.17984,1.18149,1.17963,1.18104,18331,1
1007,2020.08.25,08:00,1.18103,1.18347,1.1798,1.18235,27453,1
1008,2020.08.25,12:00,1.18238,1.18426,1.18037,1.18164,29555,-1
1009,2020.08.25,16:00,1.18165,1.18436,1.18051,1.18119,42499,-1
1010,2020.08.25,20:00,1.18118,1.18373,1.18111,1.1834,16572,1
1011,2020.08.26,00:00,1.18339,1.1839,1.18274,1.18289,6814,-1
1012,2020.08.26,04:00,1.18288,1.18348,1.181,1.18119,13110,-1
1013,2020.08.26,08:00,1.18119,1.18251,1.18006,1.18143,24574,1
1014,2020.08.26,12:00,1.18144,1.18256,1.17722,1.1788,31010,-1
1015,2020.08.26,16:00,1.17879,1.18356,1.17811,1.18324,36555,1
1016,2020.08.26,20:00,1.18323,1.18392,1.18149,1.18298,16686,-1
1017,2020.08.27,00:00,1.18278,1.18449,1.18276,1.18394,7223,1
1018,2020.08.27,04:00,1.18395,1.18497,1.18241,1.18328,19470,-1
1019,2020.08.27,08:00,1.18327,1.18399,1.18165,1.18338,28570,1
1020,2020.08.27,12:00,1.18337,1.18404,1.17941,1.18332,29947,-1
1021,2020.08.27,16:00,1.18337,1.19016,1.17624,1.17969,75664,-1
1022,2020.08.27,20:00,1.17963,1.18349,1.17929,1.18205,28420,1
1023,2020.08.28,00:00,1.18201,1.18247,1.18109,1.18171,6166,-1
1024,2020.08.28,04:00,1.18171,1.18745,1.18146,1.18734,23505,1
1025,2020.08.28,08:00,1.18737,1.19179,1.18609,1.19091,48220,1
1026,2020.08.28,12:00,1.19092,1.19197,1.18746,1.18855,35674,-1
1027,2020.08.28,16:00,1.18855,1.1911,1.18673,1.18884,42625,1
1028,2020.08.28,20:00,1.18883,1.19065,1.18834,1.1906,14401,1
1029,2020.08.31,00:00,1.18952,1.19296,1.18952,1.19079,14583,1
1030,2020.08.31,04:00,1.19077,1.19174,1.18967,1.19012,20430,-1
1031,2020.08.31,08:00,1.19011,1.1912,1.18843,1.19078,27105,1
1032,2020.08.31,12:00,1.19081,1.19403,1.19078,1.19343,29029,1
1033,2020.08.31,16:00,1.19343,1.19662,1.19214,1.19444,40122,1
1034,2020.08.31,20:00,1.19443,1.19501,1.19258,1.19363,19258,-1
1035,2020.09.01,00:00,1.19321,1.19481,1.19316,1.19411,7814,1
1036,2020.09.01,04:00,1.19412,1.19974,1.19411,1.19875,30384,1
1037,2020.09.01,08:00,1.19877,1.19968,1.19617,1.1973,39773,-1
1038,2020.09.01,12:00,1.19729,1.19953,1.19636,1.19887,33785,1
1039,2020.09.01,16:00,1.19888,1.20113,1.1932,1.1934,38098,-1
1040,2020.09.01,20:00,1.19339,1.1934,1.19014,1.19112,15869,-1
1041,2020.09.02,00:00,1.19112,1.19288,1.19063,1.19074,6885,-1
1042,2020.09.02,04:00,1.19074,1.19093,1.18918,1.19051,11131,-1
1043,2020.09.02,08:00,1.19048,1.19135,1.18524,1.18572,26518,-1
1044,2020.09.02,12:00,1.18571,1.18776,1.18453,1.1859,35684,1
1045,2020.09.02,16:00,1.18592,1.18605,1.18221,1.18479,43628,-1
1046,2020.09.02,20:00,1.18479,1.18578,1.18232,1.185,21503,1
1047,2020.09.03,00:00,1.18502,1.1855,1.18298,1.18312,7315,-1
1048,2020.09.03,04:00,1.18313,1.18364,1.18046,1.18103,21886,-1
1049,2020.09.03,08:00,1.18104,1.18361,1.1789,1.18322,34549,1
1050,2020.09.03,12:00,1.18323,1.18414,1.18019,1.18323,30393,0
1051,2020.09.03,16:00,1.18323,1.18492,1.18112,1.18342,47584,1
1052,2020.09.03,20:00,1.18342,1.18646,1.18321,1.18512,25449,1
1053,2020.09.04,00:00,1.18513,1.18579,1.1839,1.18527,9140,1
1054,2020.09.04,04:00,1.18528,1.18582,1.18408,1.18516,18683,-1
1055,2020.09.04,08:00,1.18514,1.18655,1.18335,1.18591,28963,1
1056,2020.09.04,12:00,1.1859,1.18628,1.18017,1.18109,36288,-1
1057,2020.09.04,16:00,1.18107,1.18365,1.17809,1.18353,55477,1
1058,2020.09.04,20:00,1.18353,1.18548,1.18322,1.1837,26463,1
1059,2020.09.07,00:00,1.18448,1.18462,1.18315,1.18361,7782,-1
1060,2020.09.07,04:00,1.1836,1.18411,1.183,1.18339,11384,-1
1061,2020.09.07,08:00,1.18335,1.18487,1.18245,1.18326,23063,-1
1062,2020.09.07,12:00,1.18323,1.18372,1.18127,1.18221,22618,-1
1063,2020.09.07,16:00,1.1822,1.18325,1.18149,1.18162,16398,-1
1064,2020.09.07,20:00,1.18161,1.18198,1.18116,1.18124,5522,-1
1065,2020.09.08,00:00,1.18122,1.18217,1.18051,1.18071,7700,-1
1066,2020.09.08,04:00,1.18072,1.18113,1.17951,1.18113,12052,1
1067,2020.09.08,08:00,1.18114,1.18275,1.17978,1.18087,29482,-1
1068,2020.09.08,12:00,1.18088,1.18152,1.17777,1.18008,42743,-1
1069,2020.09.08,16:00,1.18009,1.1806,1.17656,1.1796,52581,-1
1070,2020.09.08,20:00,1.17962,1.17985,1.17726,1.17793,20534,-1
1071,2020.09.09,00:00,1.17728,1.17788,1.17571,1.17753,11367,1
1072,2020.09.09,04:00,1.17753,1.17828,1.17672,1.17785,17118,1
1073,2020.09.09,08:00,1.17787,1.17874,1.17608,1.17634,30069,-1
1074,2020.09.09,12:00,1.17634,1.18197,1.1753,1.17986,31319,1
1075,2020.09.09,16:00,1.17984,1.18341,1.17919,1.18034,41323,1
1076,2020.09.09,20:00,1.18033,1.1811,1.1799,1.17996,13449,-1
1077,2020.09.10,00:00,1.17978,1.18146,1.17971,1.18107,8014,1
1078,2020.09.10,04:00,1.18108,1.18245,1.1807,1.1819,14670,1
1079,2020.09.10,08:00,1.18189,1.18402,1.1816,1.18334,23287,1
1080,2020.09.10,12:00,1.18332,1.19028,1.1829,1.18888,36833,1
1081,2020.09.10,16:00,1.18891,1.19175,1.1848,1.18573,49936,-1
1082,2020.09.10,20:00,1.18579,1.18644,1.18096,1.18099,30288,-1
1083,2020.09.11,00:00,1.181,1.18369,1.18097,1.18348,8496,1
1084,2020.09.11,04:00,1.18349,1.18402,1.18302,1.18355,15556,1
1085,2020.09.11,08:00,1.18354,1.18599,1.18284,1.18568,26023,1
1086,2020.09.11,12:00,1.18567,1.18742,1.18347,1.18466,24920,-1
1087,2020.09.11,16:00,1.18465,1.18575,1.18279,1.18373,29947,-1
1088,2020.09.11,20:00,1.18374,1.18483,1.18263,1.18447,21790,1
1089,2020.09.14,00:00,1.18345,1.18474,1.18318,1.18345,5130,0
1090,2020.09.14,04:00,1.18345,1.1851,1.18338,1.18473,11334,1
1091,2020.09.14,08:00,1.18474,1.18686,1.18427,1.18565,19612,1
1092,2020.09.14,12:00,1.18564,1.18842,1.18494,1.18777,21285,1
1093,2020.09.14,16:00,1.18781,1.18878,1.18645,1.18668,27459,-1
1094,2020.09.14,20:00,1.18667,1.187,1.18593,1.18615,11529,-1
1095,2020.09.15,00:00,1.18615,1.18702,1.18587,1.18686,5526,1
1096,2020.09.15,04:00,1.18686,1.18947,1.1864,1.18936,16420,1
1097,2020.09.15,08:00,1.18937,1.18997,1.18759,1.18814,21546,-1
1098,2020.09.15,12:00,1.18814,1.19005,1.18683,1.18748,25330,-1
1099,2020.09.15,16:00,1.18748,1.18816,1.18395,1.18525,28048,-1
1100,2020.09.15,20:00,1.18525,1.18548,1.18447,1.18464,11675,-1
1101,2020.09.16,00:00,1.18467,1.1852,1.1829,1.18343,6452,-1
1102,2020.09.16,04:00,1.18343,1.18489,1.18287,1.18477,14827,1
1103,2020.09.16,08:00,1.18475,1.18727,1.1841,1.18657,18677,1
1104,2020.09.16,12:00,1.18662,1.18825,1.18459,1.18578,24096,-1
1105,2020.09.16,16:00,1.18578,1.18688,1.18094,1.1833,34053,-1
1106,2020.09.16,20:00,1.18329,1.18551,1.17876,1.18136,41224,-1
1107,2020.09.17,00:00,1.18137,1.18191,1.17686,1.17771,8306,-1
1108,2020.09.17,04:00,1.17771,1.17907,1.17374,1.17587,27198,-1
1109,2020.09.17,08:00,1.17586,1.1812,1.17555,1.18035,34083,1
1110,2020.09.17,12:00,1.18033,1.18127,1.17831,1.18081,32859,1
1111,2020.09.17,16:00,1.18083,1.18277,1.17937,1.1822,41182,1
1112,2020.09.17,20:00,1.18221,1.18522,1.18213,1.18473,18614,1
1113,2020.09.18,00:00,1.18474,1.18617,1.18427,1.18536,8981,1
1114,2020.09.18,04:00,1.18536,1.18614,1.18431,1.18484,18028,-1
1115,2020.09.18,08:00,1.18483,1.18689,1.18402,1.18586,22988,1
1116,2020.09.18,12:00,1.18583,1.18639,1.18305,1.18448,24833,-1
1117,2020.09.18,16:00,1.18448,1.18704,1.18266,1.18657,29842,1
1118,2020.09.18,20:00,1.18661,1.18675,1.18391,1.1841,16937,-1
1119,2020.09.21,00:00,1.18396,1.18606,1.18396,1.18593,7419,1
1120,2020.09.21,04:00,1.18593,1.18717,1.18547,1.18667,10301,1
1121,2020.09.21,08:00,1.18666,1.18701,1.17916,1.18007,27634,-1
1122,2020.09.21,12:00,1.18008,1.18008,1.17632,1.17699,32209,-1
1123,2020.09.21,16:00,1.177,1.17798,1.17318,1.17406,37778,-1
1124,2020.09.21,20:00,1.17406,1.17749,1.17363,1.17707,19337,1
1125,2020.09.22,00:00,1.17688,1.17729,1.17558,1.17682,9778,-1
1126,2020.09.22,04:00,1.17683,1.17715,1.17528,1.17689,19638,1
1127,2020.09.22,08:00,1.17689,1.1769,1.17203,1.17446,34069,-1
1128,2020.09.22,12:00,1.17446,1.17674,1.17334,1.17506,33019,1
1129,2020.09.22,16:00,1.17505,1.17605,1.16923,1.17041,39655,-1
1130,2020.09.22,20:00,1.17041,1.17166,1.17025,1.1706,15877,1
1131,2020.09.23,00:00,1.17066,1.17106,1.16781,1.1681,11444,-1
1132,2020.09.23,04:00,1.16811,1.16924,1.16753,1.16786,25777,-1
1133,2020.09.23,08:00,1.16787,1.1705,1.16721,1.17037,33880,1
1134,2020.09.23,12:00,1.17038,1.17189,1.16854,1.16918,28893,-1
1135,2020.09.23,16:00,1.16912,1.17039,1.16637,1.16813,38550,-1
1136,2020.09.23,20:00,1.16812,1.1685,1.16514,1.16601,22850,-1
1137,2020.09.24,00:00,1.16599,1.16732,1.16519,1.16731,11232,1
1138,2020.09.24,04:00,1.16731,1.16798,1.16525,1.16528,24307,-1
1139,2020.09.24,08:00,1.1653,1.16737,1.16443,1.16568,28654,1
1140,2020.09.24,12:00,1.16567,1.16597,1.16265,1.1639,28431,-1
1141,2020.09.24,16:00,1.16389,1.16693,1.16309,1.16622,45262,1
1142,2020.09.24,20:00,1.16624,1.16869,1.16613,1.16658,20850,1
1143,2020.09.25,00:00,1.16717,1.16772,1.16643,1.16678,6703,-1
1144,2020.09.25,04:00,1.16678,1.16744,1.16619,1.16679,9202,1
1145,2020.09.25,08:00,1.16677,1.1685,1.16515,1.16557,25633,-1
1146,2020.09.25,12:00,1.16555,1.16558,1.16274,1.16369,32178,-1
1147,2020.09.25,16:00,1.16369,1.16395,1.16122,1.16193,32678,-1
1148,2020.09.25,20:00,1.16194,1.16353,1.16154,1.16298,11032,1
1149,2020.09.28,00:00,1.16192,1.16378,1.16149,1.16162,8296,-1
1150,2020.09.28,04:00,1.16163,1.16402,1.16163,1.16313,8489,1
1151,2020.09.28,08:00,1.16315,1.16457,1.16225,1.16409,19625,1
1152,2020.09.28,12:00,1.16408,1.16778,1.16376,1.16631,29060,1
1153,2020.09.28,16:00,1.16632,1.168,1.16424,1.16559,30268,-1
1154,2020.09.28,20:00,1.16558,1.16714,1.16536,1.16613,12968,1
1155,2020.09.29,00:00,1.16613,1.16836,1.16607,1.16767,6882,1
1156,2020.09.29,04:00,1.16767,1.16789,1.16669,1.16761,8491,-1
1157,2020.09.29,08:00,1.16762,1.16864,1.16651,1.16831,24690,1
1158,2020.09.29,12:00,1.1683,1.17145,1.16809,1.17035,28225,1
1159,2020.09.29,16:00,1.17035,1.1744,1.16949,1.17375,28081,1
1160,2020.09.29,20:00,1.17375,1.17454,1.17318,1.17423,13854,1
1161,2020.09.30,00:00,1.17424,1.17483,1.1736,1.17378,6699,-1
1162,2020.09.30,04:00,1.1738,1.17549,1.17277,1.17342,15297,-1
1163,2020.09.30,08:00,1.17342,1.17427,1.1706,1.17096,31358,-1
1164,2020.09.30,12:00,1.17093,1.17189,1.16939,1.17099,29670,1
1165,2020.09.30,16:00,1.17098,1.17516,1.16849,1.17216,43205,1
1166,2020.09.30,20:00,1.17217,1.17282,1.17099,1.17181,27927,-1
1167,2020.10.01,00:00,1.17192,1.17316,1.17171,1.17186,6831,-1
1168,2020.10.01,04:00,1.17185,1.17484,1.17177,1.17469,16365,1
1169,2020.10.01,08:00,1.17469,1.17577,1.17222,1.17241,33795,-1
1170,2020.10.01,12:00,1.17241,1.17696,1.17235,1.17546,35139,1
1171,2020.10.01,16:00,1.17545,1.17591,1.17212,1.17447,43519,-1
1172,2020.10.01,20:00,1.17446,1.17505,1.17349,1.1749,15409,1
1173,2020.10.02,00:00,1.17487,1.17489,1.17336,1.17347,7642,-1
1174,2020.10.02,04:00,1.17347,1.1737,1.17032,1.1706,21548,-1
1175,2020.10.02,08:00,1.1706,1.17415,1.16956,1.1713,49961,1
1176,2020.10.02,12:00,1.1713,1.17337,1.16986,1.17082,34879,-1
1177,2020.10.02,16:00,1.17082,1.17247,1.16998,1.17178,39308,1
1178,2020.10.02,20:00,1.17179,1.17213,1.17096,1.17166,19802,-1
1179,2020.10.05,00:00,1.17108,1.17288,1.1705,1.17251,8839,1
1180,2020.10.05,04:00,1.17251,1.17357,1.17213,1.17323,14401,1
1181,2020.10.05,08:00,1.17323,1.17498,1.17198,1.17493,21625,1
1182,2020.10.05,12:00,1.17493,1.17694,1.17462,1.17648,23576,1
1183,2020.10.05,16:00,1.17649,1.17976,1.17647,1.17866,25334,1
1184,2020.10.05,20:00,1.17865,1.17877,1.17716,1.1782,11599,-1
1185,2020.10.06,00:00,1.17818,1.1793,1.1778,1.17908,6406,1
1186,2020.10.06,04:00,1.17908,1.17985,1.17859,1.17886,14349,-1
1187,2020.10.06,08:00,1.17886,1.18002,1.17653,1.17777,25475,-1
1188,2020.10.06,12:00,1.17777,1.18078,1.1773,1.17914,24965,1
1189,2020.10.06,16:00,1.17913,1.18027,1.17731,1.1781,31345,-1
1190,2020.10.06,20:00,1.17809,1.179,1.17319,1.1733,26051,-1
1191,2020.10.07,00:00,1.17325,1.17406,1.17302,1.17353,8219,1
1192,2020.10.07,04:00,1.17352,1.17352,1.1725,1.17337,16083,-1
1193,2020.10.07,08:00,1.17336,1.17671,1.17298,1.17578,27408,1
1194,2020.10.07,12:00,1.17579,1.17818,1.17492,1.17785,26982,1
1195,2020.10.07,16:00,1.17786,1.1779,1.17579,1.17716,28384,-1
1196,2020.10.07,20:00,1.17717,1.17751,1.17599,1.17602,12477,-1
1197,2020.10.08,00:00,1.176,1.17704,1.17587,1.1765,6894,1
1198,2020.10.08,04:00,1.17649,1.17718,1.17596,1.17687,13566,1
1199,2020.10.08,08:00,1.17687,1.17817,1.17558,1.17602,23121,-1
1200,2020.10.08,12:00,1.17601,1.17689,1.17521,1.17549,21594,-1
1201,2020.10.08,16:00,1.17549,1.17579,1.17329,1.17548,25610,-1
1202,2020.10.08,20:00,1.17549,1.17615,1.17516,1.17582,10261,1
1203,2020.10.09,00:00,1.1758,1.17672,1.17488,1.17612,6428,1
1204,2020.10.09,04:00,1.17613,1.17809,1.17601,1.17754,13958,1
1205,2020.10.09,08:00,1.17755,1.18041,1.17667,1.18019,19941,1
1206,2020.10.09,12:00,1.18019,1.181,1.17915,1.18092,16971,1
1207,2020.10.09,16:00,1.1809,1.18282,1.18011,1.18232,25571,1
1208,2020.10.09,20:00,1.18232,1.1831,1.18181,1.18301,10857,1
1209,2020.10.12,00:00,1.18099,1.18216,1.1809,1.18128,8598,1
1210,2020.10.12,04:00,1.18128,1.18218,1.18084,1.18185,9528,1
1211,2020.10.12,08:00,1.18185,1.18266,1.18057,1.1811,17967,-1
1212,2020.10.12,12:00,1.18112,1.18138,1.17868,1.18095,17774,-1
1213,2020.10.12,16:00,1.18095,1.18166,1.1802,1.18108,20477,1
1214,2020.10.12,20:00,1.18107,1.1815,1.18047,1.18101,8776,-1
1215,2020.10.13,00:00,1.18107,1.18153,1.17941,1.18,7401,-1
1216,2020.10.13,04:00,1.17999,1.18054,1.17905,1.17984,10897,-1
1217,2020.10.13,08:00,1.17984,1.18031,1.17782,1.17931,24690,-1
1218,2020.10.13,12:00,1.17931,1.17987,1.17833,1.17909,19803,-1
1219,2020.10.13,16:00,1.17909,1.17909,1.17304,1.17345,26542,-1
1220,2020.10.13,20:00,1.17345,1.17493,1.17309,1.17441,10267,1
1221,2020.10.14,00:00,1.17441,1.17507,1.17379,1.17454,5655,1
1222,2020.10.14,04:00,1.17455,1.17473,1.17351,1.17425,17830,-1
1223,2020.10.14,08:00,1.17426,1.17535,1.17288,1.17403,21958,-1
1224,2020.10.14,12:00,1.17403,1.17691,1.17201,1.17612,25936,1
1225,2020.10.14,16:00,1.17614,1.17706,1.17455,1.17516,22144,-1
1226,2020.10.14,20:00,1.17515,1.17571,1.17436,1.17445,10187,-1
1227,2020.10.15,00:00,1.17436,1.17514,1.17406,1.17478,7305,1
1228,2020.10.15,04:00,1.17477,1.17558,1.17429,1.17519,11086,1
1229,2020.10.15,08:00,1.1752,1.17577,1.17031,1.17065,23182,-1
1230,2020.10.15,12:00,1.17064,1.17254,1.16923,1.16992,23692,-1
1231,2020.10.15,16:00,1.16991,1.17069,1.16883,1.16972,28981,-1
1232,2020.10.15,20:00,1.16973,1.17099,1.16926,1.17069,10335,1
1233,2020.10.16,00:00,1.17069,1.17123,1.17004,1.17118,6774,1
1234,2020.10.16,04:00,1.17119,1.17155,1.17019,1.1703,10992,-1
1235,2020.10.16,08:00,1.1703,1.172,1.1694,1.17046,18309,1
1236,2020.10.16,12:00,1.17047,1.17462,1.17025,1.17325,23065,1
1237,2020.10.16,16:00,1.17327,1.17395,1.17135,1.17188,22978,-1
1238,2020.10.16,20:00,1.17188,1.17227,1.17127,1.17135,10561,-1
1239,2020.10.19,00:00,1.17156,1.17235,1.17113,1.17235,7503,1
1240,2020.10.19,04:00,1.17236,1.17251,1.17039,1.17056,15836,-1
1241,2020.10.19,08:00,1.17055,1.17419,1.17031,1.17376,19974,1
1242,2020.10.19,12:00,1.17377,1.17887,1.17373,1.17773,19134,1
1243,2020.10.19,16:00,1.17773,1.17936,1.17729,1.17818,19008,1
1244,2020.10.19,20:00,1.17821,1.17854,1.17644,1.17679,12106,-1
1245,2020.10.20,00:00,1.17679,1.1776,1.17639,1.17749,6560,1
1246,2020.10.20,04:00,1.17749,1.17778,1.1764,1.17771,11577,1
1247,2020.10.20,08:00,1.17771,1.17935,1.17599,1.17812,19675,1
1248,2020.10.20,12:00,1.17812,1.1818,1.1781,1.18088,19991,1
1249,2020.10.20,16:00,1.18088,1.18408,1.18076,1.18265,20630,1
1250,2020.10.20,20:00,1.18268,1.18362,1.1819,1.18212,10630,-1
1251,2020.10.21,00:00,1.1821,1.18349,1.18182,1.18335,7129,1
1252,2020.10.21,04:00,1.18335,1.18496,1.18301,1.18476,14510,1
1253,2020.10.21,08:00,1.18477,1.18705,1.18428,1.18505,25058,1
1254,2020.10.21,12:00,1.18502,1.1866,1.18416,1.18629,23375,1
1255,2020.10.21,16:00,1.18631,1.18808,1.18441,1.18733,29804,1
1256,2020.10.21,20:00,1.18732,1.1877,1.18539,1.18616,11311,-1
1257,2020.10.22,00:00,1.18617,1.18647,1.18427,1.1846,8911,-1
1258,2020.10.22,04:00,1.18459,1.1851,1.18382,1.18449,12455,-1
1259,2020.10.22,08:00,1.1845,1.18669,1.18404,1.18443,20429,-1
1260,2020.10.22,12:00,1.18442,1.18457,1.18115,1.18261,19823,-1
1261,2020.10.22,16:00,1.18262,1.18367,1.18155,1.18222,22304,-1
1262,2020.10.22,20:00,1.18223,1.18262,1.18159,1.1817,7940,-1
1263,2020.10.23,00:00,1.18165,1.18233,1.17868,1.17996,10997,-1
1264,2020.10.23,04:00,1.17997,1.18045,1.1795,1.18019,12065,1
1265,2020.10.23,08:00,1.18019,1.18466,1.17914,1.18386,18040,1
1266,2020.10.23,12:00,1.18385,1.18601,1.18343,1.18526,18643,1
1267,2020.10.23,16:00,1.18526,1.18546,1.18253,1.18433,18134,-1
1268,2020.10.23,20:00,1.18434,1.18648,1.18424,1.18576,7337,1
1269,2020.10.26,00:00,1.18534,1.18596,1.18393,1.18443,9063,-1
1270,2020.10.26,04:00,1.18443,1.18492,1.18323,1.18328,10137,-1
1271,2020.10.26,08:00,1.18327,1.18475,1.18129,1.1818,16374,-1
1272,2020.10.26,12:00,1.1818,1.18277,1.18032,1.18134,16611,-1
1273,2020.10.26,16:00,1.18135,1.18247,1.18077,1.18239,20716,1
1274,2020.10.26,20:00,1.18238,1.18263,1.18061,1.18067,9369,-1
1275,2020.10.27,00:00,1.18075,1.18209,1.18063,1.18209,5541,1
1276,2020.10.27,04:00,1.18208,1.18252,1.18153,1.18244,8944,1
1277,2020.10.27,08:00,1.18244,1.18358,1.17962,1.18091,15411,-1
1278,2020.10.27,12:00,1.18093,1.18331,1.18007,1.18273,14845,1
1279,2020.10.27,16:00,1.18272,1.18387,1.18198,1.18291,18289,1
1280,2020.10.27,20:00,1.1829,1.18304,1.17924,1.17928,8519,-1
1281,2020.10.28,00:00,1.17946,1.17969,1.17695,1.1779,10731,-1
1282,2020.10.28,04:00,1.1779,1.17877,1.17745,1.17794,8708,1
1283,2020.10.28,08:00,1.17794,1.17848,1.17499,1.17641,15115,-1
1284,2020.10.28,12:00,1.1764,1.17648,1.17177,1.17266,20701,-1
1285,2020.10.28,16:00,1.17267,1.17602,1.17206,1.1751,25866,1
1286,2020.10.28,20:00,1.17509,1.17581,1.17441,1.17442,10667,-1
1287,2020.10.29,00:00,1.17443,1.17562,1.17436,1.17512,6575,1
1288,2020.10.29,04:00,1.17513,1.17588,1.17439,1.17529,9719,1
1289,2020.10.29,08:00,1.17531,1.17573,1.17249,1.1729,18015,-1
1290,2020.10.29,12:00,1.1729,1.17385,1.1695,1.17041,22531,-1
1291,2020.10.29,16:00,1.17043,1.17145,1.16548,1.16605,32060,-1
1292,2020.10.29,20:00,1.16604,1.16783,1.16501,1.16727,9530,1
1293,2020.10.30,00:00,1.16732,1.16789,1.1668,1.16745,6698,1
1294,2020.10.30,04:00,1.16745,1.16944,1.16724,1.16816,10418,1
1295,2020.10.30,08:00,1.16818,1.16842,1.16604,1.16686,21341,-1
1296,2020.10.30,12:00,1.16688,1.17042,1.16645,1.16993,24976,1
1297,2020.10.30,16:00,1.16993,1.17027,1.16421,1.16508,28551,-1
1298,2020.10.30,20:00,1.16509,1.16511,1.16399,1.16452,10592,-1
1299,2020.11.02,00:00,1.16467,1.16493,1.16376,1.16417,9746,-1
1300,2020.11.02,04:00,1.16418,1.1647,1.16299,1.16372,9579,-1
1301,2020.11.02,08:00,1.1637,1.16491,1.16223,1.16401,22451,1
1302,2020.11.02,12:00,1.16402,1.16556,1.16361,1.1637,18666,-1
1303,2020.11.02,16:00,1.16371,1.16406,1.16237,1.16276,17948,-1
1304,2020.11.02,20:00,1.16276,1.16408,1.16228,1.16397,8502,1
1305,2020.11.03,00:00,1.164,1.1651,1.16274,1.16499,6224,1
1306,2020.11.03,04:00,1.16499,1.16595,1.16471,1.16547,7552,1
1307,2020.11.03,08:00,1.16547,1.16976,1.16532,1.16966,18768,1
1308,2020.11.03,12:00,1.16966,1.1718,1.16918,1.17043,16973,1
1309,2020.11.03,16:00,1.17043,1.17397,1.17025,1.17094,16266,1
1310,2020.11.03,20:00,1.17094,1.17224,1.16957,1.17123,8880,1
1311,2020.11.04,00:00,1.17116,1.1771,1.16745,1.16843,33751,-1
1312,2020.11.04,04:00,1.16844,1.16858,1.16028,1.16577,47098,-1
1313,2020.11.04,08:00,1.16576,1.16954,1.16282,1.16757,34154,1
1314,2020.11.04,12:00,1.16757,1.17454,1.16721,1.17103,31511,1
1315,2020.11.04,16:00,1.17102,1.17341,1.16803,1.17149,30813,1
1316,2020.11.04,20:00,1.1715,1.17284,1.17101,1.17245,12510,1
1317,2020.11.05,00:00,1.17245,1.1739,1.1714,1.17214,12619,-1
1318,2020.11.05,04:00,1.17212,1.17442,1.17107,1.17363,17198,1
1319,2020.11.05,08:00,1.17364,1.18022,1.17275,1.17939,28195,1
1320,2020.11.05,12:00,1.17939,1.18597,1.17887,1.18386,29654,1
1321,2020.11.05,16:00,1.18386,1.18399,1.17912,1.18035,29646,-1
1322,2020.11.05,20:00,1.18033,1.18442,1.17951,1.1824,18294,1
1323,2020.11.06,00:00,1.18238,1.18469,1.17952,1.18122,18272,-1
1324,2020.11.06,04:00,1.18121,1.18333,1.18075,1.18143,18130,1
1325,2020.11.06,08:00,1.18143,1.18535,1.18128,1.1853,24961,1
1326,2020.11.06,12:00,1.1853,1.18903,1.18464,1.18893,28873,1
1327,2020.11.06,16:00,1.18894,1.18909,1.18511,1.18808,31093,-1
1328,2020.11.06,20:00,1.1881,1.18864,1.18716,1.18743,8077,-1
1329,2020.11.09,00:00,1.18893,1.18952,1.18792,1.1888,13460,-1
1330,2020.11.09,04:00,1.18878,1.18958,1.18801,1.18805,10205,-1
1331,2020.11.09,08:00,1.18807,1.18985,1.18649,1.18738,23074,-1
1332,2020.11.09,12:00,1.18739,1.19068,1.18601,1.18928,43306,1
1333,2020.11.09,16:00,1.18929,1.19201,1.17953,1.18179,50748,-1
1334,2020.11.09,20:00,1.18178,1.18364,1.18031,1.18126,18304,-1
1335,2020.11.10,00:00,1.18127,1.18283,1.18069,1.18245,16697,1
1336,2020.11.10,04:00,1.18245,1.18385,1.18228,1.18333,18215,1
1337,2020.11.10,08:00,1.18334,1.18433,1.18004,1.18064,29905,-1
1338,2020.11.10,12:00,1.18063,1.18197,1.178,1.18102,33486,1
1339,2020.11.10,16:00,1.181,1.18342,1.18012,1.18197,34261,1
1340,2020.11.10,20:00,1.18198,1.1826,1.18033,1.18124,13166,-1
1341,2020.11.11,00:00,1.18114,1.18283,1.18103,1.18271,10398,1
1342,2020.11.11,04:00,1.1827,1.18327,1.18211,1.18248,9856,-1
1343,2020.11.11,08:00,1.18247,1.18282,1.17797,1.17928,20067,-1
1344,2020.11.11,12:00,1.17926,1.17973,1.17537,1.17584,23700,-1
1345,2020.11.11,16:00,1.17585,1.17743,1.17455,1.1773,17476,1
1346,2020.11.11,20:00,1.17735,1.17824,1.17692,1.17769,6088,1
1347,2020.11.12,00:00,1.17768,1.17883,1.17723,1.17819,8271,1
1348,2020.11.12,04:00,1.1782,1.17835,1.17677,1.17738,9397,-1
1349,2020.11.12,08:00,1.17737,1.18121,1.17586,1.18091,20362,1
1350,2020.11.12,12:00,1.18093,1.18232,1.179,1.18095,20601,1
1351,2020.11.12,16:00,1.18095,1.18175,1.17873,1.17998,22629,-1
1352,2020.11.12,20:00,1.17997,1.18112,1.17961,1.18042,10839,1
1353,2020.11.13,00:00,1.18044,1.18137,1.18014,1.18084,8532,1
1354,2020.11.13,04:00,1.18084,1.18098,1.1799,1.18064,9567,-1
1355,2020.11.13,08:00,1.18067,1.18272,1.18007,1.18267,16482,1
1356,2020.11.13,12:00,1.1827,1.18345,1.18082,1.18207,16573,-1
1357,2020.11.13,16:00,1.18206,1.18317,1.18134,1.18264,17224,1
1358,2020.11.13,20:00,1.18263,1.18374,1.18242,1.18333,8140,1
1359,2020.11.16,00:00,1.184,1.18488,1.18284,1.18479,9179,1
1360,2020.11.16,04:00,1.1848,1.18546,1.18452,1.1847,6136,-1
1361,2020.11.16,08:00,1.18469,1.18686,1.18403,1.18448,15287,-1
1362,2020.11.16,12:00,1.18449,1.18492,1.18141,1.1821,30661,-1
1363,2020.11.16,16:00,1.18209,1.18455,1.18188,1.18416,17937,1
1364,2020.11.16,20:00,1.18417,1.18569,1.18367,1.18487,6994,1
1365,2020.11.17,00:00,1.18494,1.18667,1.18494,1.18598,7879,1
1366,2020.11.17,04:00,1.18597,1.18668,1.1854,1.18562,6262,-1
1367,2020.11.17,08:00,1.18561,1.18755,1.18425,1.18679,16179,1
1368,2020.11.17,12:00,1.18678,1.18937,1.18651,1.18859,18332,1
1369,2020.11.17,16:00,1.18858,1.18858,1.18573,1.18629,19504,-1
1370,2020.11.17,20:00,1.18629,1.18694,1.18601,1.18601,6987,-1
1371,2020.11.18,00:00,1.18596,1.18659,1.18503,1.18546,8550,-1
1372,2020.11.18,04:00,1.18545,1.18771,1.18535,1.18733,8608,1
1373,2020.11.18,08:00,1.18733,1.18909,1.18692,1.18881,17699,1
1374,2020.11.18,12:00,1.1888,1.1888,1.18515,1.18594,20066,-1
1375,2020.11.18,16:00,1.18592,1.18767,1.18541,1.18694,18110,1
1376,2020.11.18,20:00,1.18693,1.18701,1.1849,1.18526,9034,-1
1377,2020.11.19,00:00,1.18522,1.18567,1.18319,1.18427,9784,-1
1378,2020.11.19,04:00,1.18426,1.18521,1.18408,1.18503,9746,1
1379,2020.11.19,08:00,1.18503,1.18521,1.18218,1.18292,20368,-1
1380,2020.11.19,12:00,1.18292,1.18414,1.18162,1.18304,18993,1
1381,2020.11.19,16:00,1.18304,1.18506,1.18183,1.18463,19138,1
1382,2020.11.19,20:00,1.18464,1.18824,1.18462,1.1871,8094,1
1383,2020.11.20,00:00,1.1872,1.18781,1.18651,1.18767,6902,1
1384,2020.11.20,04:00,1.18766,1.18908,1.18705,1.1884,8892,1
1385,2020.11.20,08:00,1.18837,1.18888,1.18561,1.18591,18757,-1
1386,2020.11.20,12:00,1.18591,1.18782,1.18512,1.18677,17921,1
1387,2020.11.20,16:00,1.18678,1.18758,1.185,1.18539,16163,-1
1388,2020.11.20,20:00,1.18537,1.18635,1.18497,1.18563,7010,1
1389,2020.11.23,00:00,1.18542,1.18781,1.18504,1.18767,6604,1
1390,2020.11.23,04:00,1.18766,1.1877,1.18715,1.18767,3831,1
1391,2020.11.23,08:00,1.18768,1.18828,1.1863,1.18777,15709,1
1392,2020.11.23,12:00,1.18776,1.19059,1.18756,1.18997,19533,1
1393,2020.11.23,16:00,1.18996,1.19005,1.18,1.18414,26700,-1
1394,2020.11.23,20:00,1.18415,1.1848,1.1835,1.18405,8304,-1
1395,2020.11.24,00:00,1.18404,1.18474,1.18356,1.1842,8370,1
1396,2020.11.24,04:00,1.18421,1.18553,1.18415,1.18522,9144,1
1397,2020.11.24,08:00,1.18523,1.18904,1.18461,1.18836,16442,1
1398,2020.11.24,12:00,1.18838,1.18941,1.18505,1.18546,18171,-1
1399,2020.11.24,16:00,1.18545,1.18865,1.18412,1.18726,20678,1
1400,2020.11.24,20:00,1.18727,1.1896,1.18677,1.18914,9322,1
1401,2020.11.25,00:00,1.18892,1.19061,1.18882,1.18981,6420,1
1402,2020.11.25,04:00,1.1898,1.19102,1.18957,1.18979,8830,-1
1403,2020.11.25,08:00,1.18977,1.19298,1.18911,1.19045,22250,1
1404,2020.11.25,12:00,1.19046,1.19152,1.18819,1.19045,17351,-1
1405,2020.11.25,16:00,1.19046,1.19263,1.18916,1.1916,22296,1
1406,2020.11.25,20:00,1.1916,1.19245,1.19079,1.19155,9282,-1
1407,2020.11.26,00:00,1.19099,1.19293,1.19099,1.19266,4495,1
1408,2020.11.26,04:00,1.19268,1.19284,1.192,1.19261,5589,-1
1409,2020.11.26,08:00,1.19263,1.1941,1.19019,1.19035,14986,-1
1410,2020.11.26,12:00,1.19034,1.19146,1.18853,1.1898,14285,-1
1411,2020.11.26,16:00,1.18981,1.19148,1.18931,1.19129,11654,1
1412,2020.11.26,20:00,1.19129,1.19187,1.19087,1.19126,3480,-1
1413,2020.11.27,00:00,1.19108,1.19149,1.19066,1.19137,4609,1
1414,2020.11.27,04:00,1.19138,1.19286,1.19101,1.19266,6418,1
1415,2020.11.27,08:00,1.19268,1.19328,1.19146,1.19227,12611,-1
1416,2020.11.27,12:00,1.19226,1.19393,1.1914,1.19367,14729,1
1417,2020.11.27,16:00,1.19369,1.19618,1.19313,1.19567,18338,1
1418,2020.11.27,20:00,1.19568,1.19639,1.19499,1.19634,4753,1
1419,2020.11.30,00:00,1.19609,1.1974,1.19604,1.19737,7912,1
1420,2020.11.30,04:00,1.19736,1.19748,1.19651,1.1972,7832,-1
1421,2020.11.30,08:00,1.19721,1.19852,1.1962,1.19845,17281,1
1422,2020.11.30,12:00,1.19843,1.19923,1.1973,1.19864,16700,1
1423,2020.11.30,16:00,1.19864,1.20032,1.19418,1.19545,30728,-1
1424,2020.11.30,20:00,1.19546,1.19596,1.19225,1.1924,11016,-1
1425,2020.12.01,00:00,1.19254,1.19494,1.19245,1.19493,7454,1
1426,2020.12.01,04:00,1.19493,1.19597,1.19479,1.1957,7952,1
1427,2020.12.01,08:00,1.19569,1.19855,1.1954,1.19806,18135,1
1428,2020.12.01,12:00,1.19805,1.19939,1.196,1.19921,19144,1
1429,2020.12.01,16:00,1.19922,1.20545,1.19751,1.20453,31838,1
1430,2020.12.01,20:00,1.2045,1.20764,1.20426,1.20672,11422,1
1431,2020.12.02,00:00,1.2068,1.20738,1.20605,1.20684,8721,1
1432,2020.12.02,04:00,1.20683,1.20835,1.20664,1.20681,10052,-1
1433,2020.12.02,08:00,1.20683,1.20875,1.20455,1.20531,23373,-1
1434,2020.12.02,12:00,1.20531,1.20785,1.20399,1.20661,22432,1
1435,2020.12.02,16:00,1.20664,1.21083,1.20601,1.20932,27623,1
1436,2020.12.02,20:00,1.20933,1.21183,1.20899,1.2113,9754,1
1437,2020.12.03,00:00,1.21114,1.21155,1.21039,1.21132,7664,1
1438,2020.12.03,04:00,1.21133,1.21252,1.21118,1.21193,8014,1
1439,2020.12.03,08:00,1.21193,1.21393,1.2101,1.21114,18951,-1
1440,2020.12.03,12:00,1.21115,1.21612,1.21039,1.2151,22980,1
1441,2020.12.03,16:00,1.21508,1.21745,1.21377,1.21461,25762,-1
1442,2020.12.03,20:00,1.2146,1.21493,1.21326,1.21421,10802,-1
1443,2020.12.04,00:00,1.21417,1.21537,1.21402,1.21439,7534,1
1444,2020.12.04,04:00,1.21438,1.21511,1.21389,1.21499,8757,1
1445,2020.12.04,08:00,1.21499,1.21732,1.21437,1.21668,19791,1
1446,2020.12.04,12:00,1.21667,1.21773,1.21315,1.21457,26057,-1
1447,2020.12.04,16:00,1.21459,1.21718,1.2133,1.21435,23916,-1
1448,2020.12.04,20:00,1.21435,1.21516,1.21101,1.21195,10320,-1
1449,2020.12.07,00:00,1.21298,1.21361,1.21188,1.21349,9282,1
1450,2020.12.07,04:00,1.21348,1.21402,1.21305,1.21317,6551,-1
1451,2020.12.07,08:00,1.21317,1.21329,1.20785,1.20931,22612,-1
1452,2020.12.07,12:00,1.2093,1.21395,1.20851,1.21371,22172,1
1453,2020.12.07,16:00,1.21372,1.21663,1.21298,1.21332,20550,-1
1454,2020.12.07,20:00,1.21331,1.21332,1.21076,1.21089,12998,-1
1455,2020.12.08,00:00,1.21089,1.21133,1.21042,1.2107,6438,-1
1456,2020.12.08,04:00,1.2107,1.21195,1.21052,1.21183,7704,1
1457,2020.12.08,08:00,1.21182,1.21342,1.20954,1.21293,19597,1
1458,2020.12.08,12:00,1.2129,1.21328,1.21073,1.21184,24729,-1
1459,2020.12.08,16:00,1.21183,1.21336,1.21001,1.21152,23798,-1
1460,2020.12.08,20:00,1.21151,1.21173,1.21001,1.2102,8410,-1
1461,2020.12.09,00:00,1.21018,1.21146,1.20998,1.21113,6002,1
1462,2020.12.09,04:00,1.21113,1.21311,1.21104,1.21311,8141,1
1463,2020.12.09,08:00,1.2131,1.21474,1.212,1.21256,17520,-1
1464,2020.12.09,12:00,1.21255,1.21364,1.21011,1.21205,18407,-1
1465,2020.12.09,16:00,1.21202,1.21237,1.20588,1.20724,26524,-1
1466,2020.12.09,20:00,1.20725,1.20838,1.20609,1.20797,12322,1
1467,2020.12.10,00:00,1.20769,1.20844,1.20744,1.20817,6891,1
1468,2020.12.10,04:00,1.20817,1.21005,1.2081,1.20959,8688,1
1469,2020.12.10,08:00,1.2096,1.21087,1.20833,1.21059,18066,1
1470,2020.12.10,12:00,1.21057,1.21355,1.20812,1.21261,26571,1
1471,2020.12.10,16:00,1.21262,1.2159,1.20965,1.21202,34509,-1
1472,2020.12.10,20:00,1.21202,1.21448,1.21134,1.21358,11643,1
1473,2020.12.11,00:00,1.21353,1.21601,1.2135,1.21556,7476,1
1474,2020.12.11,04:00,1.21557,1.21603,1.21511,1.21555,7155,-1
1475,2020.12.11,08:00,1.21556,1.21629,1.21126,1.2117,20669,-1
1476,2020.12.11,12:00,1.2117,1.21377,1.21102,1.21155,23674,-1
1477,2020.12.11,16:00,1.21154,1.21334,1.21054,1.21165,23021,1
1478,2020.12.11,20:00,1.21166,1.21203,1.21105,1.21107,9162,-1
1479,2020.12.14,00:00,1.21347,1.21428,1.21156,1.2129,9884,-1
1480,2020.12.14,04:00,1.21289,1.21416,1.21283,1.21405,6308,1
1481,2020.12.14,08:00,1.21405,1.21603,1.21384,1.21574,16227,1
1482,2020.12.14,12:00,1.21576,1.21766,1.21477,1.21711,17817,1
1483,2020.12.14,16:00,1.21711,1.21712,1.21228,1.21573,24309,-1
1484,2020.12.14,20:00,1.21573,1.21606,1.2139,1.21436,8543,-1
1485,2020.12.15,00:00,1.21433,1.21604,1.21421,1.21598,7529,1
1486,2020.12.15,04:00,1.21597,1.2163,1.2145,1.21544,8816,-1
1487,2020.12.15,08:00,1.21543,1.2162,1.21315,1.21579,16019,1
1488,2020.12.15,12:00,1.2158,1.21661,1.21211,1.21393,20315,-1
1489,2020.12.15,16:00,1.2139,1.21613,1.2138,1.21608,18570,1
1490,2020.12.15,20:00,1.21606,1.21688,1.21487,1.21497,9671,-1
1491,2020.12.16,00:00,1.21515,1.21552,1.2145,1.21509,5674,-1
1492,2020.12.16,04:00,1.21509,1.2165,1.21509,1.21623,6961,1
1493,2020.12.16,08:00,1.21622,1.22121,1.21523,1.2206,20786,1
1494,2020.12.16,12:00,1.22058,1.22067,1.21789,1.21876,18423,-1
1495,2020.12.16,16:00,1.21877,1.22064,1.21627,1.21686,19855,-1
1496,2020.12.16,20:00,1.21686,1.22015,1.21249,1.21984,21396,1
1497,2020.12.17,00:00,1.21983,1.22086,1.21898,1.22022,7198,1
1498,2020.12.17,04:00,1.22022,1.22352,1.2201,1.22257,10410,1
1499,2020.12.17,08:00,1.22257,1.22438,1.2224,1.22329,19482,1
1500,2020.12.17,12:00,1.22329,1.22586,1.22251,1.22417,19936,1
1501,2020.12.17,16:00,1.22418,1.22677,1.22389,1.22603,20167,1
1502,2020.12.17,20:00,1.22602,1.22727,1.22582,1.22673,10285,1
1503,2020.12.18,00:00,1.22671,1.22708,1.22506,1.22565,7019,-1
1504,2020.12.18,04:00,1.22564,1.22584,1.22385,1.2243,9337,-1
1505,2020.12.18,08:00,1.22429,1.22629,1.22427,1.22493,17399,1
1506,2020.12.18,12:00,1.22493,1.22687,1.22431,1.22485,18280,-1
1507,2020.12.18,16:00,1.22485,1.22533,1.22255,1.22365,19907,-1
1508,2020.12.18,20:00,1.22368,1.22584,1.22349,1.22548,8511,1
1509,2020.12.21,00:00,1.22197,1.22351,1.22047,1.22082,12226,-1
1510,2020.12.21,04:00,1.22085,1.22124,1.21791,1.2191,14082,-1
1511,2020.12.21,08:00,1.21909,1.22268,1.21681,1.21754,28889,-1
1512,2020.12.21,12:00,1.21755,1.22146,1.21297,1.21913,40236,1
1513,2020.12.21,16:00,1.21916,1.22389,1.21916,1.22362,26575,1
1514,2020.12.21,20:00,1.22362,1.22528,1.22279,1.22398,14636,1
1515,2020.12.22,00:00,1.22398,1.22499,1.22284,1.22312,7977,-1
1516,2020.12.22,04:00,1.22312,1.22353,1.22157,1.22185,9939,-1
1517,2020.12.22,08:00,1.22184,1.22298,1.22049,1.22075,20207,-1
1518,2020.12.22,12:00,1.22074,1.22569,1.22042,1.22302,22559,1
1519,2020.12.22,16:00,1.22302,1.22391,1.21608,1.21745,32363,-1
1520,2020.12.22,20:00,1.21744,1.21746,1.21521,1.21616,12629,-1
1521,2020.12.23,00:00,1.2162,1.21877,1.21538,1.21773,13150,1
1522,2020.12.23,04:00,1.21771,1.2192,1.21664,1.21886,12191,1
1523,2020.12.23,08:00,1.21885,1.22009,1.2172,1.21944,18723,1
1524,2020.12.23,12:00,1.21944,1.21986,1.21603,1.21763,20608,-1
1525,2020.12.23,16:00,1.21764,1.22211,1.21737,1.21867,26154,1
1526,2020.12.23,20:00,1.21868,1.21964,1.21726,1.21852,10047,-1
1527,2020.12.24,00:00,1.21865,1.22121,1.2184,1.22081,7893,1
1528,2020.12.24,04:00,1.22082,1.22156,1.22019,1.22049,8568,-1
1529,2020.12.24,08:00,1.2205,1.22098,1.21871,1.21914,12289,-1
1530,2020.12.24,12:00,1.21913,1.22033,1.21856,1.21878,10682,-1
1531,2020.12.24,16:00,1.21876,1.21977,1.21773,1.21831,12752,-1
1532,2020.12.24,20:00,1.21832,1.22081,1.21772,1.22048,19114,1
1533,2020.12.28,04:00,1.2205,1.22237,1.22043,1.22234,8870,1
1534,2020.12.28,08:00,1.22235,1.22506,1.22194,1.22488,14658,1
1535,2020.12.28,12:00,1.22491,1.22501,1.21912,1.22135,21951,-1
1536,2020.12.28,16:00,1.22136,1.224,1.22051,1.2206,20168,-1
1537,2020.12.28,20:00,1.2206,1.22161,1.22025,1.22151,9310,1
1538,2020.12.29,00:00,1.22127,1.22346,1.22067,1.22275,8441,1
1539,2020.12.29,04:00,1.22274,1.2243,1.22244,1.22359,8884,1
1540,2020.12.29,08:00,1.22359,1.22579,1.22355,1.22495,14008,1
1541,2020.12.29,12:00,1.22496,1.22614,1.22388,1.22538,17699,1
1542,2020.12.29,16:00,1.22539,1.2275,1.22369,1.22416,21352,-1
1543,2020.12.29,20:00,1.22414,1.22587,1.22359,1.2248,11697,1
1544,2020.12.30,00:00,1.22472,1.22947,1.22437,1.22905,11922,1
1545,2020.12.30,04:00,1.22907,1.22919,1.22815,1.22848,9297,-1
1546,2020.12.30,08:00,1.22849,1.22865,1.22527,1.22684,15927,-1
1547,2020.12.30,12:00,1.2268,1.22935,1.22663,1.22912,17655,1
1548,2020.12.30,16:00,1.22911,1.231,1.22712,1.22885,24712,-1
1549,2020.12.30,20:00,1.22885,1.23016,1.22805,1.2295,8836,1
1550,2020.12.31,00:00,1.22942,1.23092,1.22932,1.23064,6672,1
1551,2020.12.31,04:00,1.23064,1.2309,1.22851,1.22893,8576,-1
1552,2020.12.31,08:00,1.22893,1.23041,1.22767,1.2279,17033,-1
1553,2020.12.31,12:00,1.2279,1.22884,1.22594,1.22843,18638,1
1554,2020.12.31,16:00,1.22848,1.22851,1.22209,1.2225,21713,-1
